name,category,website,phone,address,maps_url,source,engine,search_query,scraped_at
My TeleMall,beauty professionals,http://www.mytelemall.com,03009533102,"Lahore, Pakistan, Lahore, Sindh",https://www.businesslist.pk/company/240207/my-telemall,businesslist_pk,scrapy,beauty-professionals,2026-08-18T16:16:10.436858+00:00
HairSense,beauty professionals,https://hairsense.pk/,+923302222786,"Gondal Plaza, Basement HBL, Markaz F-10, Islamabad, Islamabad",https://www.businesslist.pk/company/258852/hairsense,businesslist_pk,scrapy,beauty-professionals,2026-08-18T16:16:11.609028+00:00
Asad Enterprises,car rental,http://www.asadtransport.com,02135057788,"C-209, Sector 31-F, Dar-us-Salam Society, Main Korangi Road, Karachi , Karachi, Sindh",https://www.businesslist.pk/company/246189/asad-enterprises,businesslist_pk,scrapy,car-rental,2026-08-18T16:16:14.009122+00:00
AAF Marketing.co,estate agents,,+923041116223,"Office No: FL 40 Block B 1st &amp; 2nd Floor Gulshan-e-Jamal Opp to Neuplex Cinema - Jouhar, Karachi, Karachi",https://www.businesslist.pk/company/258546/aaf-marketingco,businesslist_pk,scrapy,estate-agents,2026-08-18T16:16:15.677638+00:00
My TeleMall,beauty professionals,http://www.mytelemall.com,03218518147,"Faisalabad, Pakistan, Faisalabad, Sindh",https://www.businesslist.pk/company/240434/my-telemall,businesslist_pk,scrapy,beauty-professionals,2026-08-18T16:16:16.879186+00:00
Anorectal Hospital,beauty professionals,http://www.anorectal.net/,03360158888,"61/R1 Johar town near Meezan Bank Shadiwal Chowk, Lahore, Punjab",https://www.businesslist.pk/company/248898/anorectal-hospital,businesslist_pk,scrapy,beauty-professionals,2026-08-18T16:16:18.698635+00:00
Sams Health Spa and Wellness Center,beauty professionals,http://www.sams.pk,0092-42-35714240/41 or 0092-42-35707427/28 or 03224107350,"40 B1 , gulberg 3, off M.M Alam road, Lahore, Pakistan, Lahore, Punjab",https://www.businesslist.pk/company/240898/sams-health-spa-and-wellness-center,businesslist_pk,scrapy,beauty-professionals,2026-08-18T16:16:20.349301+00:00
Nasim laser Skin Aesthetic,beauty professionals,https://nasimlasercenter.com/,03003332024,"house 4 h block Johar Town, Canal Road،, Block H Phase 2, Johar Town, Lahore, Punjab, Lahore, Punjab",https://www.businesslist.pk/company/252286/nasim-laser-skin-aesthetic,businesslist_pk,scrapy,beauty-professionals,2026-08-18T16:16:22.248988+00:00
Nasim laser Skin Aesthetic,beauty professionals,https://nasimlasercenter.com/,03003332024,"house 4 h block Johar Town, Canal Road،, Block H Phase 2, Johar Town, Lahore, Punjab, Lahore, Punjab",https://www.businesslist.pk/company/252035/nasim-laser-skin-aesthetic,businesslist_pk,scrapy,beauty-professionals,2026-08-18T16:16:24.466080+00:00
Zenith By Sameera,beauty professionals,,+9234 5762831,"Islamabad main road, Islamabad",https://www.businesslist.pk/company/258793/zenith-by-sameera,businesslist_pk,scrapy,beauty-professionals,2026-08-18T16:16:26.525004+00:00
MerryDerma,beauty professionals,https://merryderma.com.pk,+92-321-3910543,"G-11/3, Islamabad, Islamabad Capital Territory",https://www.businesslist.pk/company/252364/merryderma,businesslist_pk,scrapy,beauty-professionals,2026-08-18T16:16:28.594894+00:00
Eve Beauty Industries,beauty professionals,http://www.evebeautyind.com,+92 52 4293206,"Christian Town, Sialkot, Punjab",https://www.businesslist.pk/company/197616/eve-beauty-industries,businesslist_pk,scrapy,beauty-professionals,2026-08-18T16:16:30.527216+00:00
USA Beauty Care,beauty professionals,http://www.usabeautycare.com,92 523 254941,"24 B- small industrial estate, Sialkot, Punjab",https://www.businesslist.pk/company/243541/usa-beauty-care,businesslist_pk,scrapy,beauty-professionals,2026-08-18T16:16:32.654805+00:00
Arsa Enterprises,beauty professionals,http://WWW.ARSAENTERPRISES.COM,"3540082 , 3540058","SALEEM TOWN, PASRUR ROAD SIALKOT, Sialkot, Punjab",https://www.businesslist.pk/company/243364/arsa-enterprises,businesslist_pk,scrapy,beauty-professionals,2026-08-18T16:16:34.491572+00:00
"Glutathione Skin Whitening Pills,Cream in Karachi",beauty professionals,http://glutawhite.pk,03351632257,"Karachi, Karachi, Sindh",https://www.businesslist.pk/company/245210/glutathione-skin-whitening-pillscream-in-karachi,businesslist_pk,scrapy,beauty-professionals,2026-08-18T16:16:36.381202+00:00
Bodevolution,beauty professionals,http://www.bodevolution.com/,0311 1444032,"8, Block C, Lahore, Model Town, Pakistan، Lahore 54000, Lahore, Punjab",https://www.businesslist.pk/company/247322/bodevolution,businesslist_pk,scrapy,beauty-professionals,2026-08-18T16:16:38.579111+00:00
"Glutathione Skin Whitening Pills,Cream,Soap",beauty professionals,https://glutathioneteam.blogspot.com/,03364685381,"DHA, Lahore, Punjab",https://www.businesslist.pk/company/246911/glutathione-skin-whitening-pillscreamsoap,businesslist_pk,scrapy,beauty-professionals,2026-08-18T16:16:40.764412+00:00
Aseya Salon,beauty professionals,,+923321430811,"Shop No# 10, Bilal Centre, Chouburji Sham Nagar near Ahmed Burger, Lahore Pakistan, Lahore",https://www.businesslist.pk/company/258834/aseya-salon,businesslist_pk,scrapy,beauty-professionals,2026-08-18T16:16:42.682343+00:00
Karaki Massage Center,beauty professionals,https://www.karachimassagecenter.net,"+92 3042262244, +92 3332261246","DHA PHASE 2, Karachi, Sindh",https://www.businesslist.pk/company/252374/karaki-massage-center-karachi,businesslist_pk,scrapy,beauty-professionals,2026-08-18T16:16:44.181300+00:00
Canvas Salon &amp; Studio,beauty professionals,,+923286427572,"House 60, B1 MM Alam Rd, Block B 1 Gulberg III, Lahore",https://www.businesslist.pk/company/258901/canvas-salonstudio,businesslist_pk,scrapy,beauty-professionals,2026-08-18T16:16:46.313680+00:00
Herbarium International,beauty professionals,http://www.herbariumintl.com,(92 21) 36361160,"C-302, Block-6, F. B. Area,, Karachi, Sindh",https://www.businesslist.pk/company/182950/herbarium-international-pvt-ltd,businesslist_pk,scrapy,beauty-professionals,2026-08-18T16:16:48.082843+00:00
MartX,beauty professionals,,+923004314628,"PCSIR Phase 2, Lahore, Lahore, Punjab",https://www.businesslist.pk/company/247743/martx,businesslist_pk,scrapy,beauty-professionals,2026-08-18T16:16:49.379715+00:00
MyTelemall.pk,beauty professionals,http://www.mytelemall.pk/,+92554433,"House No 104, Street No 66, Sector I-10/1, Islamabad, Islamabad, Islamabad Capital Territory",https://www.businesslist.pk/company/241270/telemall,businesslist_pk,scrapy,beauty-professionals,2026-08-18T16:16:50.981737+00:00
Sams Soap Kitchen,beauty professionals,http://www.samssoapkitchen.pk,0092-42-35707427/28,"38 T , PHASE 2, COMMERCIAL AREA, DHA, LAHORE,PAKISTAN, Lahore, Punjab",https://www.businesslist.pk/company/240897/sams-soap-kitchen,businesslist_pk,scrapy,beauty-professionals,2026-08-18T16:16:52.994050+00:00
Estate Bank,estate agents,https://www.estatebnk.pk,+92 307 2224429,"Plot No. 59 C, 2nd Floor, Lane 3, Al-Murtaza Commercial, Phase 8, DHA Karachi, Karachi, Sindh",https://www.businesslist.pk/company/257808/estate-bank,businesslist_pk,scrapy,estate-agents,2026-08-18T16:16:55.084997+00:00
Citi Housing Sialkot House For Sale,estate agents,,+923154609659,"Citi Housing Sialkot, Sialkot",https://www.businesslist.pk/company/258427/citi-housing-sialkot-house-for-sale,businesslist_pk,scrapy,estate-agents,2026-08-18T16:16:56.417958+00:00
Gillani Estate &amp; Builders,estate agents,https://gillaniestate.com/,"+92518316552, +923335237398","Office No. 10, First Floor, Executive Complex , G-8 Markaz,, Islamabad, Islamabad Capital Territory",https://www.businesslist.pk/company/235501/gillani-estatebuilders,businesslist_pk,scrapy,estate-agents,2026-08-18T16:16:58.492212+00:00
The Palm Residential Apartments,estate agents,http://www.thepalm.pk,03201112211,"523,Service Road West,Main Expressway,Islamabad, Islamabad, Islamabad Capital Territory",https://www.businesslist.pk/company/246539/the-palm-residential-apartments,businesslist_pk,scrapy,estate-agents,2026-08-18T16:17:00.108625+00:00
Chanab Estate,estate agents,http://aurangzaib.best@gmail.com,0300-7795768,"4 #  Pakistan Plaza PH I,  CITI Housing (Pvt.) Ltd Gujranwala., Gujranwala, Punjab",https://www.businesslist.pk/company/243022/chanab-estate,businesslist_pk,scrapy,estate-agents,2026-08-18T16:17:02.244697+00:00
Paradise Group of Companies,estate agents,,+923007776566,"Office No.18, Naqi Arcade, 71-The Mall Road, Lahore, Pakistan., Lahore",https://www.businesslist.pk/company/258399/paradise-group-of-companies,businesslist_pk,scrapy,estate-agents,2026-08-18T16:17:04.142049+00:00
T2R (Time 2 Rent),estate agents,,+923275590760," 4th Floor, Plaza No 95, Bunyad Plaza, Paradise Commercial, Bahria Phase 4 Town, Islamabad, Punjab 44000, Islamabad",https://www.businesslist.pk/company/258338/t2r-time-2-rent,businesslist_pk,scrapy,estate-agents,2026-08-18T16:17:06.184567+00:00
Rea Estate,estate agents,,+92325 799 7711,"Office LG-1 Dragon Mall Harianwala Chowk D-Ground Faisalabad., Faisalabad",https://www.businesslist.pk/company/258572/rea-estate,businesslist_pk,scrapy,estate-agents,2026-08-18T16:17:07.763515+00:00
Real estate,estate agents,,+92300 8261111,"Jaranwala Rd, Kohinoor City Faisalabad, Punjab, Faisalabad",https://www.businesslist.pk/company/258688/real-estate,businesslist_pk,scrapy,estate-agents,2026-08-18T16:17:09.973928+00:00
Lodhi Builders &amp; Estate,estate agents,http://www.lodhibuilders.com,00924236650826,"1-Rana Plaza, Opp. Rasheed (Aadil) Hospital, Main Boulevard, D.H.A. Lahore., Lahore, Punjab",https://www.businesslist.pk/company/242892/lodhi-builders-estate,businesslist_pk,scrapy,estate-agents,2026-08-18T16:17:11.613187+00:00
Ali Builders &amp; Developers,estate agents,https://www.alibuilders.net/,021-111-101-191,"Suite #: 33, Crown Center, SB-1, Block 13-C, Gulshan-e-Iqbal., Karachi, Sindh",https://www.businesslist.pk/company/250888/ali-buildersdevelopers,businesslist_pk,scrapy,estate-agents,2026-08-18T16:17:13.718640+00:00
Aghaaz Housing,estate agents,,+92 42 111-111-313,"B2, Centro, 2nd Floor 81A, Off MM Alam Rd, Block B 1 Gulberg III, Lahore, Punjab, Lahore",https://www.businesslist.pk/company/258594/aghaaz-housing,businesslist_pk,scrapy,estate-agents,2026-08-18T16:17:15.711379+00:00
Ejlaal,estate agents,,+923005456900,"Office Number18 Minhas Plaza City Housing Jhelum, Jhelum",https://www.businesslist.pk/company/258394/ejlaal,businesslist_pk,scrapy,estate-agents,2026-08-18T16:17:17.224099+00:00
RightDeed.com | Pakistan Largest Property Portal,estate agents,https://www.rightdeed.com/,04235742252,"191 Street 11, Sector Y DHA Phase 3, Lahore,Punjab, Pakistan, Lahore, Punjab",https://www.businesslist.pk/company/250467/rightdeedcompakistan-largest-property-portal,businesslist_pk,scrapy,estate-agents,2026-08-18T16:17:19.294419+00:00
Saddam Estates,estate agents,http://www.saddamestates.com,04237861196,"Building No. 17-B, 2nd Floor, Main Commercial Area, Sector-C, Bahria Town, Lahore, Punjab",https://www.businesslist.pk/company/241348/saddam-estates,businesslist_pk,scrapy,estate-agents,2026-08-18T16:17:21.541499+00:00
Urban Developers,estate agents,http://urbandevelopersgroup.com/,111-109-109,"P295-Urban Developers Complex DHA Phase 8 Lahore,, Lahore, Punjab",https://www.businesslist.pk/company/244981/urban-developers,businesslist_pk,scrapy,estate-agents,2026-08-18T16:17:23.341948+00:00
Panther Developers,estate agents,,+923129888000,"House #7, Street #2, F-8/3 Islamabad, Pakistan 44000, Islamabad",https://www.businesslist.pk/company/258615/panther-developers,businesslist_pk,scrapy,estate-agents,2026-08-18T16:17:25.290809+00:00
Eighteen Pakistan,estate agents,,+92 51 111 11 1818,"Srinagar Highway Islamabad/ M1-M2 Link Road, Adjacent To Sector H-17, Islamabad, Islamabad",https://www.businesslist.pk/company/258333/eighteen-pakistan,businesslist_pk,scrapy,estate-agents,2026-08-18T16:17:27.191078+00:00
Sarfaraz Hamid Properties,estate agents,https://www.sarfrazhamid.com,042-111-366-366,"25-MB Phase 6 DHA, Lahore, Punjab",https://www.businesslist.pk/company/249886/sarfaraz-hamid-properties,businesslist_pk,scrapy,estate-agents,2026-08-18T16:17:29.442788+00:00
Bookings Channel Private Limited,car rental,http://www.bookings-channel.com,+923088777977,"OFFICE NO 10 FIRST FLOOR ABRAR BUSINESS CENTER MAIN WAHDAT ROAD, Lahore, Punjab",https://www.businesslist.pk/company/253742/bookings-channel-private-limited,businesslist_pk,scrapy,car-rental,2026-08-18T16:17:31.720323+00:00
Al Madina Rent A Car,car rental,http://www.almadinarentacar.com,+924235923940,"17-F-1, Main Punjab CO-Operative Housing Society, Lahore, Punjab",https://www.businesslist.pk/company/245152/al-madina-rent-a-car,businesslist_pk,scrapy,car-rental,2026-08-18T16:17:33.197813+00:00
SAF Rent A Car Lahore,car rental,https://sites.google.com/view/rent-a-carlahore/home,03042795250,"E، 90/43 Street 3, Extension Super Town, Lahore, Punjab 54000, Lahore, Punjab",https://www.businesslist.pk/company/241848/saf-rent-a-car-lahore,businesslist_pk,scrapy,car-rental,2026-08-18T16:17:34.627602+00:00
AB Rent A Car,car rental,,+923214002325,"GF.85 Divine Mega 2 Plaza, Near Honda Point Main Airport Road Lahore, Pakistan, Lahore, Punjab",https://www.businesslist.pk/company/244799/ab-rent-a-car,businesslist_pk,scrapy,car-rental,2026-08-18T16:17:36.537596+00:00
Rent a Car Islamabad,car rental,https://www.rent-a-car.com.pk/,05188430247,"Suit# 13A, Muhammadi Plaza, F-6/4, Islamabad, Islamabad, Punjab",https://www.businesslist.pk/company/248740/rent-a-car-islamabad,businesslist_pk,scrapy,car-rental,2026-08-18T16:17:38.535562+00:00
Haider Travels and Rent a Cars,car rental,http://www.haidertravels.com,0321-4104443,"Al-Rehman Plaza, Walton Road, Cantt, Lahore, Punjab",https://www.businesslist.pk/company/241482/haider-travels-and-rent-a-cars,businesslist_pk,scrapy,car-rental,2026-08-18T16:17:40.339005+00:00
Car Syndicate,car rental,,+92 328 2288955,"karachi, Karachi",https://www.businesslist.pk/company/258824/car-syndicate,businesslist_pk,scrapy,car-rental,2026-08-18T16:17:41.812559+00:00
Asad Rent A Car,car rental,https://asad-rent-a-car.business.site/,03247147000,"LG-18 , Divine Center , opp Honda Point , Airport Road , Cantt Lahore, Lahore, Punjab",https://www.businesslist.pk/company/247814/asad-rent-a-car,businesslist_pk,scrapy,car-rental,2026-08-18T16:17:43.747002+00:00
Vgudie Tours and Treks,car rental,http://www.vguidetours.com,03126766888,"Office# B201 1st Flour Swat shopping Mall Fizagat, Mingora, Khyber Pakhtunkhwa",https://www.businesslist.pk/company/252406/vgudie-tours-and-treks,businesslist_pk,scrapy,car-rental,2026-08-18T16:17:45.700686+00:00
Rehman Rent A car,car rental,http://www.rehmanrentacar.com,0092-321-5440807,"E-251/1, Street no. 5, Main Bazar, Qasimpura, Cantt Lahore, Lahore, Punjab",https://www.businesslist.pk/company/243004/rehman-rent-a-car,businesslist_pk,scrapy,car-rental,2026-08-18T16:17:48.669659+00:00
Auto Rent,car rental,http://www.autorentacar.rentals,0346-7775444,"shop no 11,Faraz Avenue,Block 20,Gulistan e johar,karachi, Karachi, Sindh",https://www.businesslist.pk/company/241900/auto-rent,businesslist_pk,scrapy,car-rental,2026-08-18T16:17:49.664876+00:00
Ar Raheem Enterprises (PVT) Ltd,car rental,https://ar-raheem-motors.com,03339737840,"Ar Raheem Motors, Oppo UBL Bank, Committee Chowk Rawalpindi, Dhoke Elahi Baksh, Rawalpindi, Punjab 46000, Islamabad, Punjab",https://www.businesslist.pk/company/249923/ar-raheem-enterprises-pvt-ltd,businesslist_pk,scrapy,car-rental,2026-08-18T16:17:51.130950+00:00
RCI Rent a Car Islamabad,car rental,https://www.rcirentacar.com.pk/rent-a-car-islamabad,0518485007,"Suit 13, Muhammadi Plaza, F-6/4, Islamabad, Islamabad, Islamabad Capital Territory",https://www.businesslist.pk/company/246289/rci-rent-a-car-islamabad,businesslist_pk,scrapy,car-rental,2026-08-18T16:17:53.108045+00:00
Travelcon,car rental,,+923066363774,"2nd Floor, H-31, DHA Phase 1, Lahore, 54000, Lahore",https://www.businesslist.pk/company/258970/travelcon,businesslist_pk,scrapy,car-rental,2026-08-18T16:17:54.775156+00:00
Khan tours and rent a car,car rental,http://www.khantours.com.pk,009223214254169,"Canal Road Mughal Pura bus stop atta market office# 3, Lahore, Punjab",https://www.businesslist.pk/company/250306/khan-tours-and-rent-a-car,businesslist_pk,scrapy,car-rental,2026-08-18T16:17:56.875466+00:00
Wadood Travels Services,car rental,http://www.wadoodtravels.com,0512306869,"Office # 1st Floor Jinnah Arcade Near Street # 39 G-13/2 Islamabad, Islamabad, Islamabad Capital Territory",https://www.businesslist.pk/company/242187/wadood-travels-services,businesslist_pk,scrapy,car-rental,2026-08-18T16:17:59.058014+00:00
24 Hour Rent A Car &amp; Tours,car rental,http://www.facebook.com/24hourrentacarandtoursofficial,04237175637,"Main Boulevard DHA Phase 4 Lahore, Lahore, Punjab",https://www.businesslist.pk/company/254022/24-hour-rent-a-cartours,businesslist_pk,scrapy,car-rental,2026-08-18T16:18:00.797598+00:00
RCI Motors Islamabad,car rental,https://www.rcirentacar.com.pk/rent-a-car-islamabad/,0518430247,"Office #06, Nazim-ud-din Rd, Block R F 6/4 Blue Area, Islamabad, Islamabad, Islamabad Capital Territory",https://www.businesslist.pk/company/245499/rci-motors-islamabad,businesslist_pk,scrapy,car-rental,2026-08-18T16:18:02.413251+00:00
The Ride Rent A Car,car rental,http://www.theride.com.pk,03369671204,"Office #10 Jinnah Arcade Street#37 G-13/2 Islamabad, Islamabad, Islamabad Capital Territory",https://www.businesslist.pk/company/251587/the-ride-rent-a-car,businesslist_pk,scrapy,car-rental,2026-08-18T16:18:04.560123+00:00
Afzal Surgical Inst,beauty professionals,https://www.afzalsurgicalinst.com,92523257285,"P.O.Box # 2188 New Miana pura East, St # 14, Roras Road, Sialkot, Punjab",https://www.businesslist.pk/company/241073/afzal-surgical-inst,businesslist_pk,scrapy,beauty-professionals,2026-08-18T16:18:06.574838+00:00
L&amp;I International,beauty professionals,http://www.land-int.com,+92 3257853,"New Adalat Garh near Anwar Khawaja Industries, Sialkot, Punjab",https://www.businesslist.pk/company/249857/li-international,businesslist_pk,scrapy,beauty-professionals,2026-08-18T16:18:08.754517+00:00
Aerona Beauty,beauty professionals,http://www.aeronabeauty.com,+923217106500,"Plot No:1770,Malik Colony, Sialkot, Punjab",https://www.businesslist.pk/company/247118/aerona-beauty,businesslist_pk,scrapy,beauty-professionals,2026-08-18T16:18:11.083719+00:00
FLourish Salon By Aqsa Danish,beauty professionals,https://www.facebook.com/flourishsalon1,021 34833323,"Plot No A-217, In Block 3 At KDA Scheme No 24 Gulshan E Iqbal, Karachi,, Karachi, Sindh",https://www.businesslist.pk/company/251671/flourish-salon-by-aqsa-danish,businesslist_pk,scrapy,beauty-professionals,2026-08-18T16:18:13.055686+00:00
Coral Beauty Emporium,beauty professionals,https://coralbeautyemporium.com/,0315 513 0000,"30-31 Main Boulevard Awais Qarni Block Bahria Town, Lahore, Punjab",https://www.businesslist.pk/company/247023/coral-beauty-emporium,businesslist_pk,scrapy,beauty-professionals,2026-08-18T16:18:15.261595+00:00
Razors &amp; Scissors - Men&#039;s Grooming Lounge,beauty professionals,https://razorsnscissorspk.com,051-6141254,"Block 12-D, Office #6, first floor, F-7 Markaz., Islamabad, Islamabad Capital Territory",https://www.businesslist.pk/company/250729/razorsscissors-mens-grooming-lounge,businesslist_pk,scrapy,beauty-professionals,2026-08-18T16:18:17.426723+00:00
Sunstar Impex,beauty professionals,https://sunstarimp.com/,+923070717487,"Shahabpura Rd Industrial Area , Sialkot",https://www.businesslist.pk/company/258537/sunstar-impex,businesslist_pk,scrapy,beauty-professionals,2026-08-18T16:18:19.624464+00:00
Royal Aesthetica,beauty professionals,https://royalaestheticaclinic.com/,+923037633000,"City Emporium 266/8, Chenone Road, Peoples Colony No1, Faisalabad, Pakistan., Faisalabad",https://www.businesslist.pk/company/258744/royal-aesthetica,businesslist_pk,scrapy,beauty-professionals,2026-08-18T16:18:21.877198+00:00
Naimlasercenter,beauty professionals,https://nasimlasercenter.com/,0300-3332024,"House # 4, H Block – Phase 2 Johar Town – Lahore, Punjab, Lahore, Punjab",https://www.businesslist.pk/company/251876/naimlasercenter,businesslist_pk,scrapy,beauty-professionals,2026-08-18T16:18:24.080901+00:00
Sparkle ink tattoos,beauty professionals,https://instagram.com/sparkleinktattoos?igshid=v795ci8voc95,+923338749465,"Usmani house E 153 D street 10 New Iqbal park DHA main Boulevard lahore, Lahore",https://www.businesslist.pk/company/258447/sparkle-ink-tattoos,businesslist_pk,scrapy,beauty-professionals,2026-08-18T16:18:25.407836+00:00
Usaimported.pk | Amazon Shopping in Pakistan,beauty professionals,http://usaimported.pk/,03167822202,"40-M Gold Mine Plaza Ichra Lahore, Lahore, Punjab",https://www.businesslist.pk/company/246141/usaimportedpkamazon-shopping-in-pakistan,businesslist_pk,scrapy,beauty-professionals,2026-08-18T16:18:26.865009+00:00
Syinger Tattoos,beauty professionals,https://syingertattoos.com/,+92 316 0141165,"92-A MM Alam Rd, Block B1 Block B 1 Gulberg III, Lahore, Punjab 54660, Lahore, Punjab",https://www.businesslist.pk/company/252195/syinger-tattoos,businesslist_pk,scrapy,beauty-professionals,2026-08-18T16:18:28.238163+00:00
Bigbasket.pk,beauty professionals,https://bigbasket.pk/,+923238325149,"12 MB Floor Zainb Tower Lahore, Lahore, Punjab",https://www.businesslist.pk/company/252648/bigbasketpk,businesslist_pk,scrapy,beauty-professionals,2026-08-18T16:18:30.144569+00:00
Sarimax Traders,beauty professionals,http://www.sarimaxtraders.com,03424776422,"muradpur bankstop marala road gohadpur, Sialkot, Punjab",https://www.businesslist.pk/company/252627/sarimax-traders,businesslist_pk,scrapy,beauty-professionals,2026-08-18T16:18:31.874983+00:00
ILHT –Time to Appear Attractive,beauty professionals,http://www.ilht.com.pk/,111424737,"92-B/1, M. M. Alam Road, Gulberg III Lahore, Punjab, Pakistan, Lahore, Punjab",https://www.businesslist.pk/company/235563/hair-transplant-in-pakistan,businesslist_pk,scrapy,beauty-professionals,2026-08-18T16:18:33.912658+00:00
Queens Beauty Centre,beauty professionals,http://www.queens.com.pk/,"+922134524822 ,+9221 34552371","Tariq Road Main Branch 940/C, Commercial Area P.E.C.H.S Block 2 Near Jheel Park, Karachi, Sindh",https://www.businesslist.pk/company/242697/queens-beauty-centre,businesslist_pk,scrapy,beauty-professionals,2026-08-18T16:18:35.792715+00:00
Jzee beauty salon,beauty professionals,https://jzee-beauty-salon.business.site,+923339268792,"House# 187, Street Number 23, Phase Phase 4A Ghauri Town, Islamabad, Islamabad Capital Territory, Islamabad",https://www.businesslist.pk/company/255002/jzee-beauty-salon,businesslist_pk,scrapy,beauty-professionals,2026-08-18T16:18:36.844005+00:00
Nanjing Al-Heera Inc,beauty professionals,http://nahe786.all.biz/,923328679622,"5-Usman Park, Khadim Ali Road, Sialkot, Punjab",https://www.businesslist.pk/company/240422/nanjing-al-heera-inc,businesslist_pk,scrapy,beauty-professionals,2026-08-18T16:18:38.148203+00:00
Rahman Property Dealer Timergara,estate agents,https://www.facebook.com/rahmanpropertydealer/,0945824030,"1st FLOOR LAST BLOCK ZEB CITY CENTER TIMERGARA DIR LOWER KPK PAKISTAN, Timergara, Khyber Pakhtunkhwa",https://www.businesslist.pk/company/245347/rahman-property-dealer,businesslist_pk,scrapy,estate-agents,2026-08-18T16:18:40.320198+00:00
Nasar Estate,estate agents,http://nasarestate.com,"03004974631, 03434551474,03428625424","335-B, Iqbal Avenue Khyaban-e-jinah Road Near Shakut khanam Hospital Lahore, 54770, Lahore, Punjab",https://www.businesslist.pk/company/243907/nasar-estate,businesslist_pk,scrapy,estate-agents,2026-08-18T16:18:42.500628+00:00
Wadaan Enterprises,estate agents,,0213-5843526,"Plot 29 C Lane 6 Ittehad Commercial DHA Karachi, Karachi, Sindh",https://www.businesslist.pk/company/242599/wadaan-enterprises,businesslist_pk,scrapy,estate-agents,2026-08-18T16:18:43.489595+00:00
Ismail Estate,estate agents,http://ismailestate.blogspot.com/,92 03028118161,"Shop no :1 Plot # C4, Shop # 3, Zeenatabad Scheme -33, Karachi, Karachi, Sindh",https://www.businesslist.pk/company/243962/ismail-estate,businesslist_pk,scrapy,estate-agents,2026-08-18T16:18:46.000329+00:00
Nouman Estate &amp; Builders,estate agents,http://www.noumanestate.com,+92 42 35873700-01,"74-A-3, Block D1, Liberty Market, Near Capri Cinema, Gulberg III, lahore, Lahore, Punjab",https://www.businesslist.pk/company/245065/nouman-estatebuilders,businesslist_pk,scrapy,estate-agents,2026-08-18T16:18:47.943016+00:00
Graana - Smartest Property Portal,estate agents,https://www.graana.com,"111-555-555, +923335104007","Level 5, 44 East Plaza, Fazl ul Haq Road, Blue Area, Islamabad, Islamabad, Islamabad Capital Territory",https://www.businesslist.pk/company/248737/graana-smartest-property-portal,businesslist_pk,scrapy,estate-agents,2026-08-18T16:18:50.159398+00:00
Jaidaadonline.com,estate agents,https://www.jaidaadonline.com,+923333223911,"Plot # SC-1, Suit # 12, Mohammadi Building Block A North Nazimabad, Karachi",https://www.businesslist.pk/company/258312/jaidaadonlinecom,businesslist_pk,scrapy,estate-agents,2026-08-18T16:18:52.258739+00:00
Summa Marketing Pvt Ltd,estate agents,https://summamarketing.com.pk/,+923202020101,"92-G DHA Phase 1, Lahore",https://www.businesslist.pk/company/258664/summa-marketing-pvt-ltd,businesslist_pk,scrapy,estate-agents,2026-08-18T16:18:54.509062+00:00
Emlak Estate B-17 Islamabad,estate agents,https://b17properties.pk,+923149642884,"Office#12,2nd Floor, Block A Multi Gardens B-17, Islamabad,44000, Islamabad, Islamabad Capital Territory",https://www.businesslist.pk/company/250843/emlak-estate-b-17-islamabad,businesslist_pk,scrapy,estate-agents,2026-08-18T16:18:56.492836+00:00
Sigma Properties and Marketing Pvt Ltd,estate agents,https://sigmaproperties.com.pk/,051111477488,"4th Floor, Redco Plaza, Blue Area, Islamabad, Islamabad Capital Territory",https://www.businesslist.pk/company/252370/sigma-properties-and-marketing-pvt-ltd,businesslist_pk,scrapy,estate-agents,2026-08-18T16:18:58.459807+00:00
Mustafa Marketing and Real Estate,estate agents,https://mustafamarketing1.weebly.com/,+923153530711,"taiser town l 663 sector 36e , Karachi",https://www.businesslist.pk/company/258900/mustafa-marketing-and-real-estate,businesslist_pk,scrapy,estate-agents,2026-08-18T16:19:00.641886+00:00
Lion HDB,estate agents,https://lionhdb.com,+923111222977,"338 MB, Sector A, DHA Phase 6,, Lahore",https://www.businesslist.pk/company/258346/lion-hdb,businesslist_pk,scrapy,estate-agents,2026-08-18T16:19:02.742288+00:00
Alee Associates Real Estate Investment Consultants,estate agents,https://aleeassociates.com/,0515916004,"Office # 4-A/27، Defence Business Bay, Sector F DHA Phase 1, Islamabad, Islamabad, Islamabad Capital Territory",https://www.businesslist.pk/company/244495/alee-associates-real-estate-investment-consultants,businesslist_pk,scrapy,estate-agents,2026-08-18T16:19:04.629316+00:00
Arish Associates,estate agents,http://www.arish.com.pk,"02135347117,18","11-C Lane 7 Ittehad Commercial DHA Phase 6 Karachi, Karachi, Sindh",https://www.businesslist.pk/company/246719/arish-associates,businesslist_pk,scrapy,estate-agents,2026-08-18T16:19:06.339472+00:00
Arcon Associates,estate agents,http://www.arcon.pk,+92-42- 37169006,"Office No 1, First Floor Nehal Plaza KBHS Society New Airport Road Lahore Cantt., Lahore, Punjab",https://www.businesslist.pk/company/242841/arcon-associates,businesslist_pk,scrapy,estate-agents,2026-08-18T16:19:08.396866+00:00
RealtorOnline,estate agents,https://realtoronline.pk,+923143334990,"A-4, 1st Floor, Toshi Square, Main University Rd, near Al Mustafa Medical Center, Block 13 C Gulshan-e-Iqbal, Karachi, 75300, Karachi",https://www.businesslist.pk/company/258785/realtoronline,businesslist_pk,scrapy,estate-agents,2026-08-18T16:19:10.707062+00:00
Royal Business Solutions (RBS),estate agents,https://rbsland.com/,"+92 51 5172681, +923331111306","Plot 13, Adjacent D Mall, G.T. Rd, Sector A DHA Phase II Islamabad, Islamabad Capital Territory, Pakistan-44000, Rawalpindi, Punjab",https://www.businesslist.pk/company/252371/royal-business-solutions-rbs,businesslist_pk,scrapy,estate-agents,2026-08-18T16:19:12.743409+00:00
Z.M Enterprises,estate agents,https://www.youtube.com/@z.menterprises3006,"03168595370, +923002106878","DHA Karachi , Karachi, Sindh",https://www.businesslist.pk/company/251414/zm-enterprises,businesslist_pk,scrapy,estate-agents,2026-08-18T16:19:14.524906+00:00
Realty Investments,estate agents,https://realtyinvestments.pk/,+923000732589,"Suite # 4, Ground Floor, Prime Beach View Apartments, Block-4, Clifton, Karachi, Pakistan, Karachi",https://www.businesslist.pk/company/258691/realty-investments,businesslist_pk,scrapy,estate-agents,2026-08-18T16:19:16.460199+00:00
Executive Real Estate Group,estate agents,https://www.fb.me/executivegrouppk,03018626291,"178 Palm Commercial, Royal Palm City, Gujranwala, Gujranwala, Punjab",https://www.businesslist.pk/company/244632/executive-real-estate-group,businesslist_pk,scrapy,estate-agents,2026-08-18T16:19:18.251693+00:00
Faisalabad Car Rental And Tours Service,car rental,https://www.facebook.com/pg/faisalabadcarrental/about/,03044006169,"Millat Chowk Shaikhupura Road Near Habib Metro Bank , Faisalabad, Punjab",https://www.businesslist.pk/company/250367/faisalabad-car-rental-and-tours-service,businesslist_pk,scrapy,car-rental,2026-08-18T16:19:20.232942+00:00
Sher Brothers Rent a car,car rental,https//www.sherbrotherpakistan.com,04235312118,"18-C Nawab Town Raiwind road Lahore, Lahore, Punjab",https://www.businesslist.pk/company/252437/sher-brothers-rent-a-car,businesslist_pk,scrapy,car-rental,2026-08-18T16:19:22.216094+00:00
Jadeed Motors,car rental,https://jadeedmotors.com,0335 0911 786,"i-8 Islamabad, Pakistan, Islamabad, Islamabad Capital Territory",https://www.businesslist.pk/company/253583/jadeed-motors,businesslist_pk,scrapy,car-rental,2026-08-18T16:19:24.039886+00:00
Farhan Car Rental Services,car rental,https://farhanrentacar.com/,+92 312 - 2810139,"Pakistan, Karachi",https://www.businesslist.pk/company/258887/farhan-car-rental-services,businesslist_pk,scrapy,car-rental,2026-08-18T16:19:25.133328+00:00
Faisalabad Car Rental And Tours,car rental,https://www.facebook.com/pg/faisalabadcarrental/about/,+923156099281,"Millat Chowk Shaikhupura Road ,Faislabad, Faisalabad, Punjab",https://www.businesslist.pk/company/242390/faisalabad-car-rental-and-tours,businesslist_pk,scrapy,car-rental,2026-08-18T16:19:26.307888+00:00
Madina Rent A Car,car rental,http://madina-rent-a-car.business.site/,03214235986,"Haji Akram Plaza, Gate No.1, Sooter Mills, Main GT Road , Lahore, Punjab",https://www.businesslist.pk/company/247604/madina-rent-a-car,businesslist_pk,scrapy,car-rental,2026-08-18T16:19:28.362733+00:00
Irshad Rent a Car Bahawalpur,car rental,https://youtube.com/@irshadrentacar,+923071707019,"Saddar Puli, University Chowk, Bahawalpur Cantt, Bahawalpur, Punjab 63100, Bahawalpur",https://www.businesslist.pk/company/258598/irshad-rent-a-car-bahawalpur,businesslist_pk,scrapy,car-rental,2026-08-18T16:19:30.159992+00:00
Quetta 2D Car Service 03302211115,car rental,https://karachiquetta2dcarservice.com,03367801565,"University Road Karachi , Karachi, Sindh",https://www.businesslist.pk/company/254212/quetta-2d-car-service-03302211115,businesslist_pk,scrapy,car-rental,2026-08-18T16:19:32.029665+00:00
Cars Travel Junction,car rental,http://www.carstraveljunction.com,+923456678510,"Office#02 Jinnah Arcade Street# 37 G-13/2, Islamabad, Islamabad Capital Territory",https://www.businesslist.pk/company/247553/cars-travel-junction,businesslist_pk,scrapy,car-rental,2026-08-18T16:19:33.791424+00:00
Balochistan Rent A Car,car rental,,+923313989100,"Shop No 28, Zaheen Plaza, Main Sariab Road, Quetta, Quetta",https://www.businesslist.pk/company/258443/balochistan-rent-a-car,businesslist_pk,scrapy,car-rental,2026-08-18T16:19:35.643317+00:00
Gwadar Rent A Car,car rental,,+923092669837,"Sitellite Town, Main Road Quetta, Balochistan, Quetta, Balochistan",https://www.businesslist.pk/company/258441/gwadar-rent-a-car,businesslist_pk,scrapy,car-rental,2026-08-18T16:19:37.891827+00:00
Master Rent A Car,car rental,https://www.masterrentacar.pk,923492049928,"House# 07, Str# 31, Sector-F, Manzoor Colony,  Near# Mehmoodabad, Karachi 75640. , Karachi, Sindh",https://www.businesslist.pk/company/248777/master-rent-a-car,businesslist_pk,scrapy,car-rental,2026-08-18T16:19:40.064444+00:00
LahoreRentACar,car rental,http://lahore-rent-a-car-wapda-town-lhr.business.site,03123221155,"7-GCP Scheem, R1 Johar Town, Lahore, Punjab",https://www.businesslist.pk/company/247980/lahorerentacar,businesslist_pk,scrapy,car-rental,2026-08-18T16:19:41.820345+00:00
Hunza Explorers Treks &amp; Tours,car rental,http://www.hunzaexplorers.com,+92 311 0804658,"Village Ghulkin P.O &amp; Tehsil Gulmit Gojal, upper Hunza, Islamabad, Gilgit-Baltistan",https://www.businesslist.pk/company/241746/hunza-explorers,businesslist_pk,scrapy,car-rental,2026-08-18T16:19:43.807580+00:00
Rent a Car Pakistan,car rental,http://www.rentacarpak.com,051 8772657,"Office 4, CAM Arcade II, Main GT Road Near Gate Phase 7-8, Bahria Town Rawalpindi,, Islamabad, Islamabad Capital Territory",https://www.businesslist.pk/company/249193/rent-a-car-pakistan,businesslist_pk,scrapy,car-rental,2026-08-18T16:19:45.814039+00:00
Makran Rent A Car Service - The Leading Car Rental,car rental,https://makranrentacar.pk/,03162791211,"Sariab Road Quetta 87550, Quetta, Balochistan",https://www.businesslist.pk/company/253584/makran-rent-a-car-service-the-leading-car-rental,businesslist_pk,scrapy,car-rental,2026-08-18T16:19:47.622869+00:00
Pay4Drive,car rental,http://pay4drive.com/,0302-4019477,"120, K-II, Wapda Town Lahore, Pakistan, Lahore, Punjab",https://www.businesslist.pk/company/243527/pay4drive,businesslist_pk,scrapy,car-rental,2026-08-18T16:19:49.525454+00:00
SwariHub,car rental,http://www.swarihub.com/rent-a-car-in-lahore,+92-300-4396570,"452-D Block Tajpura LDA , Lahore, Punjab",https://www.businesslist.pk/company/246224/swarihub,businesslist_pk,scrapy,car-rental,2026-08-18T16:19:51.875973+00:00
RPM Car Rental,car rental,https://rpmcarrental.pk/,03009238948,"Suit # G-14, Allience Apartment, Sector 11 C 1 North Karachi, Karachi., Karachi, Sindh",https://www.businesslist.pk/company/252861/rpm-car-rental,businesslist_pk,scrapy,car-rental,2026-08-18T16:19:53.792202+00:00
Haxn Rent a Car Rawalpindi Islamabad,car rental,http://www.haxnrentacar.com,03111431433,"Office # 1, Marquee Road, Main G-11 Signal, Kashmir Highway, G-12، Islamabad, 44000, Islamabad, Islamabad Capital Territory",https://www.businesslist.pk/company/249417/haxn-rent-a-car-rawalpindi-islamabad,businesslist_pk,scrapy,car-rental,2026-08-18T16:19:55.973322+00:00
Pakistan Auto Workshop,auto repair,https://www.mechanicar.com/pakistan,+923082544269,"J6P5+85V, Gulfishan Town, Sheikhupura, Punjab, Shekhupura",https://www.businesslist.pk/company/258807/pakistan-auto-workshop,businesslist_pk,scrapy,auto-repair,2026-08-18T16:19:57.191851+00:00
Al-meena Marine Engineers,auto repair,,+923009509573,"Plot No 122-C Keamari Township,  Keamari, Karachi, 75620 Pakistan., Karachi",https://www.businesslist.pk/company/258780/al-meena-marine-engineers,businesslist_pk,scrapy,auto-repair,2026-08-18T16:19:59.006382+00:00
Auto Tech  express lube and maintenance,auto repair,http://autotech.pk,"051-5170676,","plot 2, block B, Main PWD road, oposit London bakery , Islamabad, Islamabad Capital Territory",https://www.businesslist.pk/company/249664/auto-tech-express-lube-and-maintenance,businesslist_pk,scrapy,auto-repair,2026-08-18T16:20:01.024028+00:00
Faw Jhelum Motors,auto repair,,0544-272191-92,"OPPOSITE DEGREE COLLEGE, MAIN G T ROAD JHELUM, Jhelum, Punjab",https://www.businesslist.pk/company/250906/faw-jhelum-motors,businesslist_pk,scrapy,auto-repair,2026-08-18T16:20:03.024792+00:00
Ubaid Autos,auto repair,,+923002103102,"Plot #WS-10,Block-7,Opposit To DILL PASAND,F.B.Area, Karachi, Sindh",https://www.businesslist.pk/company/182442/ubaid-autos,businesslist_pk,scrapy,auto-repair,2026-08-18T16:20:04.757310+00:00
Quality Autos,auto repair,https://qualityautos6.wordpress.com/,+923323105538,"Bewal PLaza G9, Islamabad, Islamabad",https://www.businesslist.pk/company/257595/quality-autos,businesslist_pk,scrapy,auto-repair,2026-08-18T16:20:06.756155+00:00
Autosource Pvt Ltd,auto repair,,+923008451158,"Johar town lahore, Lahore",https://www.businesslist.pk/company/255062/autosource-pvt-ltd,businesslist_pk,scrapy,auto-repair,2026-08-18T16:20:08.459057+00:00
Raja Jalal Auto EFI Electrician &amp; Car AC,auto repair,,+923155782523,"Raja Jalal Auto EFI Electrician, Sarfaraz Market, Abdul Qadeer Khan Road, Khana Pull, Rawalpindi, Rawalpindi, Punjab",https://www.businesslist.pk/company/253594/raja-jalal-auto-efi-electriciancar-ac,businesslist_pk,scrapy,auto-repair,2026-08-18T16:20:10.639340+00:00
Fixdar,auto repair,,03-111-222-819,"Karachi, Pakistan, Karachi, Sindh",https://www.businesslist.pk/company/254467/fixdar,businesslist_pk,scrapy,auto-repair,2026-08-18T16:20:12.889926+00:00
Naseer Autos,auto repair,https://www.naseerautos.biz,+92304 1111337,"D-55-A/1, SITE., Sindh, Karachi, Sindh",https://www.businesslist.pk/company/94336/naseer-autos,businesslist_pk,scrapy,auto-repair,2026-08-18T16:20:13.881845+00:00
