name,category,website,phone,address,maps_url,source,engine,search_query,scraped_at
Joje Abebe Fertility Centre,doctors and clinics,https://jojefertility.com.ng,+234 817 104 9999,"Plot 0140, Bamanga Tukur Street, Opposite Beautiful Beginning Academy, Zone E Legislative Quarters, Gudu District, Apo , Abuja, Abuja",https://www.businesslist.com.ng/company/263926/joje-abebe-fertility-centre,businesslist_ng,scrapy,doctors-and-clinics,2026-08-21T21:08:17.903400+00:00
Briscon Pharmacy,pharmacies,https://brisconpharmacy.com,"+234 813 527 3535, +234 909 121 3736","no 3 Emeka Nweze Street, off Admiralty way, Lekki Phase 1, Lagos Island, Lagos",https://www.businesslist.com.ng/company/264997/briscon-pharmacy,businesslist_ng,scrapy,pharmacies,2026-08-21T21:08:19.815180+00:00
Alpha Pharmacy,pharmacies,https://alphapharmacy.com.ng,+234 906 000 6241,"33 Adeniyi Jones, Oba Akran, Ikeja 101233, Lagos, Lagos",https://www.businesslist.com.ng/company/167882/alpha-pharmacy,businesslist_ng,scrapy,pharmacies,2026-08-21T21:08:21.660561+00:00
Care Forte Pharmacy,pharmacies,https://carefortepharm.com,"+234 704 474 3759, +234 803 315 7864","299 Akin Olugbade St, Victoria Island, Victoria Island, Lagos",https://www.businesslist.com.ng/company/101855/care-forte-pharmacy,businesslist_ng,scrapy,pharmacies,2026-08-21T21:08:23.587049+00:00
Drugssquare : International Specialty Pharmacy,pharmacies,https://www.drugssquare.com,+234 705 790 8776," Aba, 450101, Abia, Aba, Abia",https://www.businesslist.com.ng/company/261706/drugssquareinternational-specialty-pharmacy,businesslist_ng,scrapy,pharmacies,2026-08-21T21:08:25.802316+00:00
Drug-IT,pharmacies,https://drug-it.com,+234 809 470 7705,"Skyrace Plaza, 1 Ileshomi St, Shogunle, Lagos 100261, Lagos, Lagos, Lagos",https://www.businesslist.com.ng/company/271361/drug-it,businesslist_ng,scrapy,pharmacies,2026-08-21T21:08:27.879523+00:00
Bernados Pharmacy,pharmacies,https://www.facebook.com/BernadosPharmacy/,+234 704 357 1578," Funsho Williams Ave, Surulere 101241, Lagos, Lagos",https://www.businesslist.com.ng/company/101841/bernados-pharmacy,businesslist_ng,scrapy,pharmacies,2026-08-21T21:08:29.230492+00:00
Queen Amina Medical Integration,pharmacies,https://queenaminami.org,+234 813 560 2550,"No. 2 Emir’s Drive, Opp. Central Mosque, Azare, Bauchi",https://www.businesslist.com.ng/company/259831/queen-amina-medical-integration,businesslist_ng,scrapy,pharmacies,2026-08-21T21:08:30.825044+00:00
Safari Pharmacy,pharmacies,https://www.safaripharmacy.com,"+234 807 422 2674, +234 807 420 8379, +234 807 420 2391","Legacy House, Airport Road, by Westend Bus-Stop, Effurun, Warri, Delta",https://www.businesslist.com.ng/company/253808/safari-pharmacy,businesslist_ng,scrapy,pharmacies,2026-08-21T21:08:32.640905+00:00
Autism Parenting in Nigeria,wellness,,08037556511,"Department of Haematology, UUTH, Uyo, Akwa Ibom",https://www.businesslist.com.ng/company/272490/autism-parenting-in-nigeria,businesslist_ng,scrapy,wellness,2026-08-21T21:08:34.886182+00:00
Benign Evexia Center,wellness,https://www.benignevexiacenter.com,+234 802 858 9079,"Diamond Estate Bstop, 15 Oke Street, Lasu-Isheri Rd, 100214, Lagos, Lagos",https://www.businesslist.com.ng/company/269102/benign-evexia,businesslist_ng,scrapy,wellness,2026-08-21T21:08:37.650194+00:00
Consolidated Hallmark Insurance,insurance companies,https://www.ch-insure.com,"+234 1 461 8222, +234 1 291 2543","Metro Plaza Annex A, Plot 991/992 Zakariya Maimalari Street, Central Business District, Abuja, Abuja",https://www.businesslist.com.ng/company/108488/consolidated-hallmark-insurance-plc,businesslist_ng,scrapy,insurance-companies,2026-08-21T21:08:38.082918+00:00
Coronation Insurance,insurance companies,https://coronation.ng,+234 1 277 4500,"119 Awolowo Rd, Ikoyi, Lagos 106104, Lagos, Lagos, Lagos",https://www.businesslist.com.ng/company/271013/coronation-insurance,businesslist_ng,scrapy,insurance-companies,2026-08-21T21:08:38.894647+00:00
Avon HMO,insurance companies,https://www.avonhealthcare.com/,0700-277-9800,"29 Rumens Road Ikoyi, Lagos, Lagos",https://www.businesslist.com.ng/company/258983/avon-hmo,businesslist_ng,scrapy,insurance-companies,2026-08-21T21:08:40.936990+00:00
The Metaphor,insurance companies,http://www.themetaphorlagos.com,08187122351,"78A Younis Bashorun, Victoria Island, Lagos",https://www.businesslist.com.ng/company/267519/the-metaphor,businesslist_ng,scrapy,insurance-companies,2026-08-21T21:08:42.628205+00:00
Linkage Assurance,insurance companies,http://www.linkageassurance.com,"+234-1-2716560, +234-1-2716561, +234-1-8511193, +234 700 546 5227 3","Linkage Plaza, Plot 94, Block 20, Lekki-epe Express Way, Victoria Island, Lagos",https://www.businesslist.com.ng/company/191114/linkage-assurance,businesslist_ng,scrapy,insurance-companies,2026-08-21T21:08:44.740944+00:00
Enterprise Life Assurance Ltd,insurance companies,https://myenterprisegroup.io/ng/,+234 700 36837 77473,"46/48 Awolowo Rd, Ikoyi, Lagos 106104, Lagos, Lagos, Lagos",https://www.businesslist.com.ng/company/271792/enterprise-life-assurance-ltd,businesslist_ng,scrapy,insurance-companies,2026-08-21T21:08:46.778786+00:00
Parallex Bank,banks credit unions,https://parallexbank.com,+234 1 293 4255,"1261 Adeola Hopewell St, Victoria Island, Lagos 106104, Lagos, Lagos",https://www.businesslist.com.ng/company/271769/parallex-bank,businesslist_ng,scrapy,banks-credit-unions,2026-08-21T21:08:48.575919+00:00
Sycamore.NG,banks credit unions,https://sycamore.ng,+234 809 734 1810,"21 Adewale Kolawole Street, Off T F Kuboye, Oniru, Victoria Island, Lagos",https://www.businesslist.com.ng/company/264654/sycamoreng,businesslist_ng,scrapy,banks-credit-unions,2026-08-21T21:08:50.578569+00:00
Ecobank Nigeria,banks credit unions,https://www.ecobank.com,"+234 1 262 0910, +234 1 2612953, +234 1 262 0910, +234 1 2626710","Plot 21 Ahmadu Bello Way, Victoria Island, Lagos",https://www.businesslist.com.ng/company/142661/ecobank-nigeria-plc,businesslist_ng,scrapy,banks-credit-unions,2026-08-21T21:08:52.564869+00:00
Ocenj Logistics,logistics,,07066752649,"No 21 Ladoke Akintola Boulevard Garki 2, Abuja, Abuja",https://www.businesslist.com.ng/company/255630/ocenj-logistics,businesslist_ng,scrapy,logistics,2026-08-21T21:08:54.586718+00:00
Danzas Express Services Nigeria Ltd,transport,https://www.danzasexpress.com,"+234 1 280 5592, +234 1 773 2303","Danzas&#039;s Place, 10 / 12, Gani Williams Close, Off Osolo Way, Ajao Estate, Isolo, Lagos, Abia",https://www.businesslist.com.ng/company/113019/danzas-express-services-nigeria-ltd,businesslist_ng,scrapy,transport,2026-08-21T21:08:56.442035+00:00
Aurora Stars Limousine,transport,https://www.aurorastarslimo.com,+234 905 392 2371,"95 Cousins Dr unit 4, Aurora, ON L4G 1B5, Elele, Gombe",https://www.businesslist.com.ng/company/267140/aurora-stars-limousine,businesslist_ng,scrapy,transport,2026-08-21T21:08:57.725194+00:00
Alele Movers,transport,,08111107037,"XCHJ+P99, Galadima 900107, Abuja, Abuja",https://www.businesslist.com.ng/company/272503/alele-movers,businesslist_ng,scrapy,transport,2026-08-21T21:08:59.710675+00:00
Premium Pension Limited,transport,https://premiumpension.com,"+234 9 461 5700, +234 9 461 5707, +234 9 461 5709"," No 4 Awgu Close, off Faskari Street Area 3, Awgu Cl, Garki, Abuja, Abuja",https://www.businesslist.com.ng/company/101269/premium-pension-limited,businesslist_ng,scrapy,transport,2026-08-21T21:09:01.439329+00:00
Rental Car Nigeria,transport,https://www.rentalcarnigeria.com,+234 817 777 7167,"Transcorp Hilton, 1, Aguiyi Ironsi Street, Maitama, Abuja, Abuja, Abuja",https://www.businesslist.com.ng/company/261808/rental-car-nigeriarent-a-car,businesslist_ng,scrapy,transport,2026-08-21T21:09:03.427370+00:00
Knight Frank,estate agents,https://www.knightfrank.com.ng,"+234 816 634 1577, +234 1 260 0990","PO Box 22, 24 Campbell Street, Lagos Island, Lagos, Lagos",https://www.businesslist.com.ng/company/102240/knight-frank,businesslist_ng,scrapy,estate-agents,2026-08-21T21:09:05.315042+00:00
Kayode Ajulo &amp; Co. Castle Of Law,lawyers,http://www.kayodeajulo.com,+234 803 315 4349,"21, Amazon Street, Ministers’ Hill, Maitama, Abuja, Abuja",https://www.businesslist.com.ng/company/256425/kayode-ajuloco-castle-of-law,businesslist_ng,scrapy,lawyers,2026-08-21T21:09:06.838576+00:00
Ani Martins &amp; Associates,lawyers,http://www.associatesng.com,+2348025422901,"Suites 49/50, Trinity House, Mabushi Abuja, Abuja, Abuja",https://www.businesslist.com.ng/company/272438/ani-martinsassociates,businesslist_ng,scrapy,lawyers,2026-08-21T21:09:08.257765+00:00
Aekley Solicitors - Ibadan Office,lawyers,https://aekleysolicitors.com,+234 902 162 7265,"First Floor, 78/80 Oyo Road, Opposite U.I Second Gate, Ibadan, Oyo",https://www.businesslist.com.ng/company/265372/aekley-solicitors-ibadan-office,businesslist_ng,scrapy,lawyers,2026-08-21T21:09:10.504194+00:00
Temidlaw Chambers,lawyers,http://www.temidlawchambers.com.ng,+234 904 713 2930,"OluwaLambe House, No. 68, Igbore Road after Apostolic Church,Igbore, Abeokuta, Abeokuta, Ogun",https://www.businesslist.com.ng/company/262994/temidlaw-chambers,businesslist_ng,scrapy,lawyers,2026-08-21T21:09:12.446576+00:00
Country hill attorneys &amp; solicitors,lawyers,https://countryhillattorneys.com.ng,+234 803 662 2568,"13B Esther Adeleke St, Lekki Phase 1 105102, Lagos, Lagos, Lagos",https://www.businesslist.com.ng/company/264389/country-hill-attorneyssolicitors,businesslist_ng,scrapy,lawyers,2026-08-21T21:09:14.370411+00:00
Okoawo BlueGate &amp; Co.,lawyers,http://www.okoawobluegate.yolasite.com,+234 803 698 6363,"65, Forestry Road, Benin City, Benin City, Edo",https://www.businesslist.com.ng/company/170739/okoawo-bluegateco,businesslist_ng,scrapy,lawyers,2026-08-21T21:09:16.050571+00:00
Must-Do Properties,lawyers,,"+234 812 516 0761, +234 709 327 8261","Oak Building, County B/Stop, Ogba, Lagos, Lagos",https://www.businesslist.com.ng/company/253384/must-do-properties,businesslist_ng,scrapy,lawyers,2026-08-21T21:09:18.085205+00:00
Bam &amp; Gad Solicitors,lawyers,https://www.bamandgadsolicitors.com.ng,+234 806 278 7594,"17/19 Allen Avenue, Lagos, Lagos",https://www.businesslist.com.ng/company/262824/bamgad-solicitors,businesslist_ng,scrapy,lawyers,2026-08-21T21:09:19.261214+00:00
Sun Natha-Alade &amp; Partners (SNATHAP),lawyers,https://snathap.com,+234 806 496 1554,"65, M.K.O Abiola Way, Opp. Dikat House, Ring Road, Ibadan, Ibadan, Oyo",https://www.businesslist.com.ng/company/263083/sun-natha-aladepartners-snathap,businesslist_ng,scrapy,lawyers,2026-08-21T21:09:21.202081+00:00
1st Attorneys,lawyers,https://1stattorneys.com,+234 1 2705178,"22, Idowu Taylor Street Front Wing, (Ground Flr) Management Building, Victoria Island, Lagos",https://www.businesslist.com.ng/company/170747/1st-attorneys,businesslist_ng,scrapy,lawyers,2026-08-21T21:09:23.181602+00:00
Olajumoke Olubukola Oladejo,lawyers,http://olajumokeoladejo.wordpress.com,+234 805 392 7949,"No. 3, Aperin street, Awolowo, Old Bodija, Ibadan, Oyo",https://www.businesslist.com.ng/company/267739/olajumoke-olubukola-oladejo-kolapo-esq,businesslist_ng,scrapy,lawyers,2026-08-21T21:09:25.124694+00:00
CAC registration in Port Harcourt,lawyers,https://www.cac.gov.ng,+234 708 030 3857,"El-lawson Solicitors,No. 350 Ikwerre Road by Checkpoint Junction, Rumuokwuta, Port Harcourt, Rivers",https://www.businesslist.com.ng/company/266339/cac-registration-in-port-harcourt,businesslist_ng,scrapy,lawyers,2026-08-21T21:09:26.638911+00:00
Maycermary &amp; Associates Law Firm,lawyers,,+234 703 656 3404,"9 Post Office Rd, Fagge, Kano 700211, Kano, Kano",https://www.businesslist.com.ng/company/267624/maycermaryassociates-law-firm,businesslist_ng,scrapy,lawyers,2026-08-21T21:09:28.159983+00:00
Oluwabunmi O. Ogbontiba Esq.,lawyers,https://www.linkedin.com/in/oluwabunmiogbontiba/,+234 816 276 0553,"38, College Crescent, Opposite Bevy High School, Oke-Ado, Ibadan, Oyo",https://www.businesslist.com.ng/company/266854/oluwabunmi-o-ogbontiba-esq,businesslist_ng,scrapy,lawyers,2026-08-21T21:09:30.235786+00:00
Principality Clerks,lawyers,,+234 809 770 0559,"22b, Lugard Avenue, Ikoyi, Lagos Island, Lagos",https://www.businesslist.com.ng/company/261952/principality-clerks,businesslist_ng,scrapy,lawyers,2026-08-21T21:09:32.473801+00:00
Amadi &amp; Associates (Fortune Chambers),lawyers,,+234 803 342 5698,"77 Njemanze Str. Owerri Imo State, Owerri, Imo",https://www.businesslist.com.ng/company/190904/amadiassociates-furtune-chembers,businesslist_ng,scrapy,lawyers,2026-08-21T21:09:33.617097+00:00
Sab Legal ( CAC Registration in Port Harcourt),lawyers,https://www.cac.gov.ng,+234 705 174 8984,"No. 350 Ikwerre Road, Rumuokuta, Port Harcourt, Rivers",https://www.businesslist.com.ng/company/267753/sab-legalcac-registration-in-port-harcourt,businesslist_ng,scrapy,lawyers,2026-08-21T21:09:35.040856+00:00
Samson &amp; Co,lawyers,,+234 905 703 5193,"12, Jimoh Akintoye Street, Lagos, Lagos",https://www.businesslist.com.ng/company/258330/samsonco,businesslist_ng,scrapy,lawyers,2026-08-21T21:09:37.147463+00:00
Jide Ogundimu &amp; Co Solicitors,lawyers,https://jideogundimucosolicitors.co.uk,"+234 909 987 0393, +234 806 055 9255","4B, Oba Adetona Street, Ilupeju Estate, Lagos, Lagos",https://www.businesslist.com.ng/company/102690/jide-ogundimuco-solicitors,businesslist_ng,scrapy,lawyers,2026-08-21T21:09:39.275947+00:00
Chambers Of Mohammed Shuaib,lawyers,http://cmshuaib.law,+234 9 291 5060," First Floor Block G, Bassan Plaza, 759 Wole Olanipekun St, Central Business District, Abuja, Abuja",https://www.businesslist.com.ng/company/164795/chambers-of-mohammed-shuaib,businesslist_ng,scrapy,lawyers,2026-08-21T21:09:41.118218+00:00
Stenzy Realty Ltd,estate agents,https://stenzyrealtyltd.com,+234 815 295 8999,"Close 51 Road 5 E34A VGC, Lekki, Lagos",https://www.businesslist.com.ng/company/271080/stenzy-realty-ltd,businesslist_ng,scrapy,estate-agents,2026-08-21T21:09:42.780733+00:00
Colossal and Quality Build Limited,estate agents,https://www.colossalandqualitybuild.com,"+234 802 335 1153, +234 806 273 2386, +234 703 378 1808"," F74 HFP/ Eastline Shopping Complex Abraham Adesanya Roundabout, Lagos, Lagos",https://www.businesslist.com.ng/company/267810/colossal-and-quality-build-limited,businesslist_ng,scrapy,estate-agents,2026-08-21T21:09:44.699099+00:00
Deep-Delve Concepts,estate agents,https://deepdelve.wordpress.com,+234 703 088 0015,"Km 14, Lekki-Epe Express, Igbo-Efon, Lekki, Lagos, Lagos",https://www.businesslist.com.ng/company/190182/deep-delve-research-concepts,businesslist_ng,scrapy,estate-agents,2026-08-21T21:09:46.916138+00:00
Success Property Managers,estate agents,https://www.successpropertymanagers.com,"+234 916 709 6239, +234 901 754 9855","Mile 1 Police Park, 09167096239 , 17 Ada George, Port Harcourt, Rivers",https://www.businesslist.com.ng/company/262840/success-property-managers,businesslist_ng,scrapy,estate-agents,2026-08-21T21:09:48.787889+00:00
Berusa Global,estate agents,https://berusaglobal.com,"+234 704 000-8877, 0704-000-8899","Block 12B, Johannesburg Street, Zone 2, Wuse, Abuja, Abuja",https://www.businesslist.com.ng/company/267857/berusa-global,businesslist_ng,scrapy,estate-agents,2026-08-21T21:09:51.034616+00:00
BBS Nigeria,estate agents,http://www.bbsnigeria.org,+234 812 479 1998,"Enterprise Estate Opp Grace Seeds School Chevron Alternative Route Lekki, Lagos Island, Lagos",https://www.businesslist.com.ng/company/255420/bbs-nieria,businesslist_ng,scrapy,estate-agents,2026-08-21T21:09:53.004179+00:00
Oparah Realty,estate agents,https://oparahrealty.com,+234 805 048 0659,"No 16A, Sule Abuka Close off Opebi Road by GTBank Opebi-Ikeja, Lagos",https://www.businesslist.com.ng/company/263302/oparah-realty,businesslist_ng,scrapy,estate-agents,2026-08-21T21:09:54.586955+00:00
DessyDee Consortium,estate agents,https://www.dessydeeconsortium.com.ng,+234 909 323 6856,"10, Ohaeto Street, Behind Ecobank, D-Line, Port Harcourt, Rivers",https://www.businesslist.com.ng/company/264712/dessydee-consortium,businesslist_ng,scrapy,estate-agents,2026-08-21T21:09:56.574035+00:00
Azrieli Property Limited,estate agents,https://www.azrieliproperty.com,+234 806 402 5398,"Plot 13q EDEN Garden Estate, Ajah Lekki, Lagos, Lagos",https://www.businesslist.com.ng/company/267854/azrieli-property-limited,businesslist_ng,scrapy,estate-agents,2026-08-21T21:09:57.893854+00:00
Ramos Of Lagos Realty,estate agents,https://www.ramosoflagosrealty.com,"+234 813 335 5522, +234 806 926 7318","Suite C17 De Cherub Mall 18, Lekki Epe Expressway, Lagos, Lagos",https://www.businesslist.com.ng/company/267853/ramos-of-lagos-realty,businesslist_ng,scrapy,estate-agents,2026-08-21T21:09:59.411500+00:00
Navigator Real Estate Limited,estate agents,https://navigator-realestate.com.ng,+234 911 509 2320,"Suite FF04, Atoke Plaza, Opposite Amazing Filling Station, General Gas-Akobo Road, Akobo, Ibadan, Oyo",https://www.businesslist.com.ng/company/268151/navigator-real-estate-limited,businesslist_ng,scrapy,estate-agents,2026-08-21T21:10:01.103099+00:00
Ora Egbunike &amp; Associates,estate agents,https://www.facebook.com/oraegbunike/,"+234 9 413 7631, +234 9 413 4647","No. 2 Wahab Dosumu Close, Iya Abubakar Crescent, Off Alex Ekwueme Way, Jabi, Abuja, Abuja",https://www.businesslist.com.ng/company/102298/ora-egbunikeassociates,businesslist_ng,scrapy,estate-agents,2026-08-21T21:10:03.176567+00:00
Jide Taiwo &amp; Co,estate agents,https://www.jidetaiwoandco.com,"+234 1 262 5048, +234 705 209 0118","Plot 136, Sinari Daranijo Street, Off Ajose Adeogun Street, Victoria Island, Lagos",https://www.businesslist.com.ng/company/102232/jide-taiwocompany,businesslist_ng,scrapy,estate-agents,2026-08-21T21:10:05.243035+00:00
Delson Aluminium Concepts,estate agents,https://www.facebook.com/delconcepts/,+234 903 770 5058,"1, Abundance avenue, Victory estate,off Idimu Road, Ejigbo, Lagos",https://www.businesslist.com.ng/company/196630/delson-aluminium-concepts,businesslist_ng,scrapy,estate-agents,2026-08-21T21:10:07.225631+00:00
99 Properties Africa,estate agents,https://99propertiesafrica.com,+234 809 999 4949,"2nd Floor, Providence House, Admiralty Way (Beside Tantalizers), Lekki Phase 1, Lagos, Lagos",https://www.businesslist.com.ng/company/255683/99-properties-africa,businesslist_ng,scrapy,estate-agents,2026-08-21T21:10:09.434731+00:00
Winners Properties (Nig) Ltd,estate agents,https://winnerspropertiesng.com,"+234 803 839 0534, +234 805 211 2117","10 Danube Close Off Danube Street Maitama, Abuja, Abuja",https://www.businesslist.com.ng/company/253685/winners-properties,businesslist_ng,scrapy,estate-agents,2026-08-21T21:10:11.556453+00:00
Giselle Homes Limited,estate agents,https://gisellehomes.com,"+234 809 176 4222, +234 802 310 2481","Plot 9,Block 113, Beaulah Land Plaza, 3rd Round About, Lekki Epe Expressway,Lekki phase 1 , Lagos, Lagos",https://www.businesslist.com.ng/company/265505/giselle-homes-limited,businesslist_ng,scrapy,estate-agents,2026-08-21T21:10:13.440880+00:00
Brit Property Nigeria Ltd,estate agents,https://www.britproperties.ng,+234 916 444 9990,"Suite I106,Ikota Shopping Complex, Ajah, Lagos Island, Lagos",https://www.businesslist.com.ng/company/258918/brit-property-nigeria-ltd,businesslist_ng,scrapy,estate-agents,2026-08-21T21:10:15.529670+00:00
Jautos Luxury Car Rental,transport,https://jautos.com.ng,+234 907 000 6661,"408 Omofade Cres, Omole Phase 1, Ojodu, Lagos, Lagos",https://www.businesslist.com.ng/company/272322/jautos-luxury-car-rental,businesslist_ng,scrapy,transport,2026-08-21T21:10:17.449949+00:00
Interstate Ambulance Services {YES RENT AMBULANCE},transport,https://web.facebook.com/rentambulancebushere,08034348268,"Phase 4, Nembe road opp. Navy Quarters Kubwa, Abuja, Abuja",https://www.businesslist.com.ng/company/260309/interstate-ambulance-services-yes-rent-ambulance,businesslist_ng,scrapy,transport,2026-08-21T21:10:19.315519+00:00
Integrated Software Services Limited,transport,https://www.isslng.com/],"+234 1 791 5935, +234 1 774 8219, +234 1 790 5570","15 Akinsemoyin Street, off Eric Moore Road, Surulere, Lagos, Abia",https://www.businesslist.com.ng/company/99565/integrated-software-services-limited,businesslist_ng,scrapy,transport,2026-08-21T21:10:21.388658+00:00
Cardinal Security Services Limited,transport,https://www.cardinal-ng.com,"+234 1 7627144, 1 9502409","3, Dr Udo Wogu Street, Chevy View Estate, Lekki Lagos, Lagos, Lagos",https://www.businesslist.com.ng/company/114420/cardinal-security-services-limited,businesslist_ng,scrapy,transport,2026-08-21T21:10:23.530853+00:00
Alcredo car rentals,transport,http://www.alcredogroup.com,+234 903 000 6622,"2c Babatunde Dabiri, Lekki Phase One, Lagos Island, Lagos",https://www.businesslist.com.ng/company/262358/alcredo-car-rentals,businesslist_ng,scrapy,transport,2026-08-21T21:10:25.232075+00:00
Elo-Ex Transport Services,transport,https://eloexng.com,+234 809 951 7857,"2nd Floor, Providence House, Admiralty Wy, Lekki Phase I, Lagos, Lagos",https://www.businesslist.com.ng/company/272326/elo-ex-transport-services,businesslist_ng,scrapy,transport,2026-08-21T21:10:27.215409+00:00
Mactay Consulting Limited,transport,https://mactayconsulting.com,"+234 1 270 6336, +234 1 774 1016, +234 1 270 6003","Phase 1, 5 Prince Adelowo Adedeji St, Peninsula, Lagos 106104, Lagos, Lagos, Lagos",https://www.businesslist.com.ng/company/120892/mactay-consulting-limited,businesslist_ng,scrapy,transport,2026-08-21T21:10:29.408470+00:00
Nigeria Custom Service Car Auction,transport,http://customgov.ng/,07037866704,"Nigeria Custom Service, Marina Road, Badagry, Badagry, Lagos",https://www.businesslist.com.ng/company/255855/nigeria-custom-service,businesslist_ng,scrapy,transport,2026-08-21T21:10:30.992555+00:00
Delta Line Booking Office,transport,https://deltaline.com,09072255814,"Command Secondary School Junction, Direct Opp. Green ville cng gas station, Kaduna., Kaduna, Kaduna",https://www.businesslist.com.ng/company/170525/delta-line-booking-office,businesslist_ng,scrapy,transport,2026-08-21T21:10:31.969530+00:00
Atlasrelocator.com,logistics,http://www.atlasrelocator.com,+2347057257569,"11, Igbehinadun street Ojodu Berger, Ikeja, Lagos",https://www.businesslist.com.ng/company/265541/atlasrelocatorcom,businesslist_ng,scrapy,logistics,2026-08-21T21:10:34.099182+00:00
Kisumu Automotive Ventures,logistics,https://web.facebook.com/KisumuAutomotiveDallasTexas/?_rdc=1&_rdr,"4692356881, +2348035941808","CLOSE 25 HOUSE 9 SATELLITE  TOWN LAGOS STATE NIGERIA , Lagos, Lagos",https://www.businesslist.com.ng/company/258087/kisumu-automotive-ventures,businesslist_ng,scrapy,logistics,2026-08-21T21:10:36.224006+00:00
Simpres Logistics &amp; Co Limited,logistics,https://simpreslogistics.com,+234 803 255 9203,"The Capital Hub Plaza Suite 308c Third Floor, Jahi Gwarinpa Express Way, Abuja, Abuja",https://www.businesslist.com.ng/company/268061/simpres-logisticsco-limited,businesslist_ng,scrapy,logistics,2026-08-21T21:10:38.224002+00:00
Call Bob Nigeria,logistics,http://www.callbob.ng,07043002003,"4 Graceland Avenue, Tombia Road, GRA Phase 2, Port Harcourt, Rivers",https://www.businesslist.com.ng/company/267492/call-bob-nigeria,businesslist_ng,scrapy,logistics,2026-08-21T21:10:40.377832+00:00
Ideal Royal Crown Logistics Limited,logistics,https://idealroyalcrown.com,+234 803 474 1503,"40 Airport Road, mafoluku-Oshodi, Lagos, Lagos",https://www.businesslist.com.ng/company/258776/ideal-royal-crown-logistics-limited,businesslist_ng,scrapy,logistics,2026-08-21T21:10:41.669419+00:00
Packmyload.com,logistics,https://www.packmyload.com,+234 700 722 5776,"12, Hudeyin Street, Ramat Estate, Ogudu GRA, Lagos, Lagos",https://www.businesslist.com.ng/company/263249/packmyloadcom,businesslist_ng,scrapy,logistics,2026-08-21T21:10:43.695818+00:00
AB Offshore Marine Services Limited,logistics,https://aboffshore.ng,+234 811 224 4444,"10 Afolabi Lesi, Street, Ilupeju, Lagos, Lagos, Lagos",https://www.businesslist.com.ng/company/261159/ab-offshore-marine-services-limited,businesslist_ng,scrapy,logistics,2026-08-21T21:10:45.162636+00:00
Elite Logistics and Development Services,logistics,https://elitelogisticsdevelopment.com,+234 1 293 4234,"11B Fatai Idowu Arobieke Street  Lekki Phase 1, , Lagos Island, Lagos",https://www.businesslist.com.ng/company/262970/elite-logistics-and-development-services,businesslist_ng,scrapy,logistics,2026-08-21T21:10:47.130128+00:00
Eazyhire,logistics,http://www.eazyhire.com.ng,+234 813 965 8045,"296 Herbert Macaulay Way Yaba Lagos, Lagos, Lagos",https://www.businesslist.com.ng/company/254860/eazyhire,businesslist_ng,scrapy,logistics,2026-08-21T21:10:49.050911+00:00
Airtrace Solutions Nigeria Limited,logistics,https://airtracesolutions.com/,08123932258,"Shell Location(opp bolingo) Road, Agbada 2, Off Airport Road, Igwuruta, Port Harcourt, Rivers",https://www.businesslist.com.ng/company/256898/airtrace-solutions,businesslist_ng,scrapy,logistics,2026-08-21T21:10:50.206173+00:00
First Move Logistics,logistics,,+2348085273309,"122B NTA CHOBA ROAD MGBOUGBA PORT HARCOURT RIVERS STATE NIGERIA, Port Harcourt, Rivers",https://www.businesslist.com.ng/company/268129/first-move-logistics,businesslist_ng,scrapy,logistics,2026-08-21T21:10:51.145482+00:00
Belamej International Ltd,logistics,https://belamejmoverslagos.business.site/,+2349090240402,"Block 2 House 2a, Mobolaji Johnson Place, Lekki phase 1, Lagos Nigeria., Lekki, Lagos",https://www.businesslist.com.ng/company/259639/belamej-international-ltd,businesslist_ng,scrapy,logistics,2026-08-21T21:10:53.004520+00:00
Aerologistics and Travels Ltd,logistics,https://www.overflightnigeria.com,"+234 4 610300, +234 803 350 5730, +234 813 107 7315, +234 802 306 9235","Suite C247 Ikota Business Complex, Lagos, Lagos",https://www.businesslist.com.ng/company/257492/aerologistics,businesslist_ng,scrapy,logistics,2026-08-21T21:10:54.905601+00:00
Puissant Logistics Limited,logistics,https://www.puissantlogistics.com,+234 701 004 4544,"5, NNPC Road, Ejigbo , Lagos, Lagos",https://www.businesslist.com.ng/company/265001/puissant-logistics-limited,businesslist_ng,scrapy,logistics,2026-08-21T21:10:56.738337+00:00
Cargotonigeria (CTN),logistics,http://www.cargotonigeria.com,"07049450575   ,  09046808823","31 Olaiya Street, Mafoluku,  LAGOS , NIGERIA, Ikeja, Lagos",https://www.businesslist.com.ng/company/262380/cargotonigeria-ctn,businesslist_ng,scrapy,logistics,2026-08-21T21:10:58.702587+00:00
The Mainland Movers,logistics,https://themainlandmovers.business.site/,09068487681,"Lagos Terminus, Iddo road Lagos Mainland Lagos, Lagos, Lagos",https://www.businesslist.com.ng/company/264658/the-mainland-movers,businesslist_ng,scrapy,logistics,2026-08-21T21:11:00.948979+00:00
Robez Freightliner Limited,logistics,https://www.robezfreightliner.com,+234 803 524 5911,"Wharf, Nnewi Building, 1/3 Creek Road 4th Floor Left Wing Block 1 Apapa, Apapa, Lagos",https://www.businesslist.com.ng/company/267834/robez-freightliner-limited,businesslist_ng,scrapy,logistics,2026-08-21T21:11:02.107593+00:00
Wilsonjay Movers and Packers - Relocation Services,logistics,http://wilsonjaymovers.com.ng,08030469626,"108 Market Street, Odunade Bus-Stop, Coker , Lagos, Lagos",https://www.businesslist.com.ng/company/256867/wilsonjay-movers-and-packers-relocation-services,businesslist_ng,scrapy,logistics,2026-08-21T21:11:04.340943+00:00
J.U. Rahama Nigeria Limited,logistics,http://jurahama.com.ng,+234 806 742 2618,"Mile 12, 606 Ikorodu Rd, Ikosi Ketu, Lagos, Lagos, Lagos",https://www.businesslist.com.ng/company/257082/ju-rahama-nigeria-limited,businesslist_ng,scrapy,logistics,2026-08-21T21:11:06.271560+00:00
Shalom Microfinance Bank,banks credit unions,https://shalommfb.com,+234 700 7425 66632,"Lekki Phase I, Lekki 106104, Lagos, Lekki, Lagos",https://www.businesslist.com.ng/company/271598/shalom-microfinance-bank,businesslist_ng,scrapy,banks-credit-unions,2026-08-21T21:11:08.181030+00:00
First City Monument Bank (FCMB),banks credit unions,https://www.fcmb.com,+234 809 291 5374,"Zone 4, 5 Gwani St, Wuse, Abuja 904101, Federal Capital Territory, Abuja, Abuja",https://www.businesslist.com.ng/company/153482/fcmb-plc,businesslist_ng,scrapy,banks-credit-unions,2026-08-21T21:11:10.156933+00:00
Planet Capital Limited,banks credit unions,https://planetcapitalltd.com,+234 1 270 2296,"3rd &amp; 4th Floor St Peter’s House, 3 Ajele Street Off Broad St. Lagos, Lagos Island, Lagos",https://www.businesslist.com.ng/company/241467/planet-capital-limited,businesslist_ng,scrapy,banks-credit-unions,2026-08-21T21:11:11.443290+00:00
Access Bank,banks credit unions,https://www.accessbankplc.com,+234 2 712 0057,"Plot 64 Adeola Odeku St, Eti-Osa, Lagos 101241, Lagos, Victoria Island, Lagos",https://www.businesslist.com.ng/company/149693/access-bank,businesslist_ng,scrapy,banks-credit-unions,2026-08-21T21:11:13.152412+00:00
Alpha Morgan Capital Managers Limited,banks credit unions,https://alphamorgan.com,"+234 4 888 0050, +234 4 888 0080, +234 1 454 2428","1668B Oyin Jolayemi Street, Victoria Island, Lagos",https://www.businesslist.com.ng/company/257241/alpha-morgan-capital-managers-limited,businesslist_ng,scrapy,banks-credit-unions,2026-08-21T21:11:14.978560+00:00
Fidelity Bank Plc,banks credit unions,https://www.fidelitybank.ng,"+234 1 270 0534, +234 1 448- 5252, +234 1 271 3487","2, Kofo Abayomi Str, V/I, Lagos, Victoria Island, Lagos",https://www.businesslist.com.ng/company/142701/fidelity-bank-ltd,businesslist_ng,scrapy,banks-credit-unions,2026-08-21T21:11:17.141021+00:00
Petra Microfinance Bank Limited.,banks credit unions,https://www.petramfbank.com,+234 1 733 9764,"18, Montgomery Road, Yaba, Lagos, Lagos",https://www.businesslist.com.ng/company/109059/petra-microfinance-bank-limited,businesslist_ng,scrapy,banks-credit-unions,2026-08-21T21:11:19.348005+00:00
SmartTeller,banks credit unions,https://www.smartteller.net,+234 907 512 3455,"Awolowo House, Ikeja, Lagos",https://www.businesslist.com.ng/company/259685/smartteller,businesslist_ng,scrapy,banks-credit-unions,2026-08-21T21:11:20.886238+00:00
Sabi Microfinance Bank,banks credit unions,https://sabimfb.com,+234 812 292 1862,"69 Ogunlana Dr, Surulere, Lagos 101241, Lagos, Lagos, Lagos",https://www.businesslist.com.ng/company/271575/sabi-microfinance-bank,businesslist_ng,scrapy,banks-credit-unions,2026-08-21T21:11:22.991094+00:00
CapitalMetriQ Swift Bank,banks credit unions,https://www.capitalmetriq.com,+234 809 350 0029," KM50 Lekki - Epe Expy, Maroko, Lagos 106104, Lagos, Lagos, Lagos",https://www.businesslist.com.ng/company/271338/capitalmetriq-swift-bank,businesslist_ng,scrapy,banks-credit-unions,2026-08-21T21:11:25.136480+00:00
Kolobox,banks credit unions,https://kolobox.ng,+234 703 317 3118,"13 Olarenwaju Street, Ikeja, Lagos, Lagos, Lagos",https://www.businesslist.com.ng/company/269078/kolobox,businesslist_ng,scrapy,banks-credit-unions,2026-08-21T21:11:26.015091+00:00
Sterling Bank,banks credit unions,https://sterling.ng,+234 1 263 5843,"Head Office, Sterling Towers (Ground Floor) 20 Marina, Lagos Island, Lagos",https://www.businesslist.com.ng/company/143200/sterling-bank-plc,businesslist_ng,scrapy,banks-credit-unions,2026-08-21T21:11:27.822306+00:00
Rand Merchant Bank Nigeria,banks credit unions,https://www.rmb.com.ng,+234 1 4637900," 3rd Floor East Tower, Wings Office Complex, Victoria Island, Lagos, Victoria Island, Lagos",https://www.businesslist.com.ng/company/271232/rand-merchant-bank-nigeria,businesslist_ng,scrapy,banks-credit-unions,2026-08-21T21:11:29.683762+00:00
Good Neighbours Microfinance Bank,banks credit unions,https://gnmfb.com,"+234 1 737 9429, +234 1 737 5692","Zone B, Road 5, (G.N Place) Aspamda, Lagos, Lagos, Lagos",https://www.businesslist.com.ng/company/153498/good-neighbours-microfinance-bank,businesslist_ng,scrapy,banks-credit-unions,2026-08-21T21:11:31.728815+00:00
Oxymon Solutions Ltd,banks credit unions,https://www.oxymon.co,+234 904 767 0207,"16A Association Avenue Magodo, Lagos, Lagos",https://www.businesslist.com.ng/company/267782/oxymon-solutions-ltd,businesslist_ng,scrapy,banks-credit-unions,2026-08-21T21:11:33.335528+00:00
AB Microfinance Bank,banks credit unions,https://ab-mfbnigeria.com,"+234 902 496 9999, +234 902 496 9778","28 Akintoye Shogunle St, Allen, Ikeja 100271, Lagos, Lagos, Lagos",https://www.businesslist.com.ng/company/271302/ab-microfinance-bank,businesslist_ng,scrapy,banks-credit-unions,2026-08-21T21:11:35.237728+00:00
Geo-Options Realty,banks credit unions,http://www.geooptionsrealty.com/,"+234 818 654 2849, +234 802 794 8895","Plot 5 Jubilee Road,Shangisha,Lagos, Ikeja, Lagos",https://www.businesslist.com.ng/company/263653/geo-options-realty,businesslist_ng,scrapy,banks-credit-unions,2026-08-21T21:11:37.346652+00:00
Pinehill Leasing Limited,insurance companies,https://www.facebook.com/pinehillleasing/,"+234 802 938 8017, +2347046100066","13th Floor, Bookshop House, 50/52 Broad Street, Lagos, Lagos",https://www.businesslist.com.ng/company/98875/pinehill-leasing-limited,businesslist_ng,scrapy,insurance-companies,2026-08-21T21:11:39.375546+00:00
NSIA Insurance,insurance companies,https://nsiainsurance.com,+234 904 841 8896,"3 Elsie Femi Pearse St, Victoria Island, Lagos 106104, Lagos, Lagos, Lagos",https://www.businesslist.com.ng/company/271519/nsia-insurance,businesslist_ng,scrapy,insurance-companies,2026-08-21T21:11:41.573016+00:00
Leadway Assurance Co. Ltd,insurance companies,https://www.leadway.com,+234 1 270 0700,"121, 123 Funsho Williams Ave, Surulere, Lagos 101283, Lagos, Lagos, Lagos",https://www.businesslist.com.ng/company/142872/leadway-assurance-co-ltd,businesslist_ng,scrapy,insurance-companies,2026-08-21T21:11:43.190720+00:00
Capital Express Assurance,insurance companies,,+234 806 670 2610,"5B Okigwe Road, Imo, Owerri, Imo",https://www.businesslist.com.ng/company/163838/capital-express-assurance,businesslist_ng,scrapy,insurance-companies,2026-08-21T21:11:45.370748+00:00
Afrinvest West Africa Limited.,insurance companies,https://www.afrinvest.com/,"+234 1 2701680, +234.1.291.6586","27, Gerrard Road, Ikoyi, Lagos, Lagos",https://www.businesslist.com.ng/company/109346/afrinvest-west-africa-limited,businesslist_ng,scrapy,insurance-companies,2026-08-21T21:11:47.552729+00:00
Tangerine Life Insurance Ltd,insurance companies,https://life.tangerine.africa,+234 812 527 5707,"95 Opebi Rd, Opebi, Ikeja 101233, Lagos, Lagos, Lagos",https://www.businesslist.com.ng/company/269299/tangerine-life,businesslist_ng,scrapy,insurance-companies,2026-08-21T21:11:49.819669+00:00
Tangerine Africa,insurance companies,https://general.tangerine.africa,"+234 1 630 9500, +234 1 888 3322","22, Funso Williams Avenue, Alaka, Surulere, Lagos, Lagos",https://www.businesslist.com.ng/company/269232/tangerine,businesslist_ng,scrapy,insurance-companies,2026-08-21T21:11:51.225771+00:00
Old Mutual Nigeria Life Assurance Company Limited,insurance companies,https://www.oldmutual.com.ng,"+234 1 277 2200, +234 1 277 2210, +234 1 700 5707"," 2nd Floor, Post Square Building, 1-3 Ologun Agbaje St, Victoria Island, Lagos, Victoria Island, Lagos",https://www.businesslist.com.ng/company/235224/old-mutual-nigeria-life-assurance-company-limited,businesslist_ng,scrapy,insurance-companies,2026-08-21T21:11:53.224608+00:00
Nigerian Life &amp; Provident Company Limited,insurance companies,https://nlpc-ng.com,"+234 709 814 1596, +234 813 429 6479","312 Ikorodu Road, Anthony, Lagos, Lagos",https://www.businesslist.com.ng/company/253711/nigerian-lifeprovident-company-limited,businesslist_ng,scrapy,insurance-companies,2026-08-21T21:11:55.302207+00:00
Heirs Life Assurance Limited,insurance companies,https://www.heirsinsurancegroup.com,+234 700 434 7754,"Heirs Towers, Plot 107B Ajose Adeogun St, Victoria Island, Lagos 106104, Lagos, Lagos, Lagos",https://www.businesslist.com.ng/company/271403/heirs-life-assurance-limited,businesslist_ng,scrapy,insurance-companies,2026-08-21T21:11:57.324127+00:00
AIICO Pension Managers Limited.,insurance companies,https://www.aiicoplc.com,"+234 805 501 1234, +234 806 085 4411","Plot 2, Oba Akran Avenue, Ikeja, Lagos",https://www.businesslist.com.ng/company/109234/aiico-pension-managers-limited,businesslist_ng,scrapy,insurance-companies,2026-08-21T21:11:59.112430+00:00
Ihms Hmo,insurance companies,http://www.ihmsnigeria.com/,"07015842021, +234 812 101 0100","2, Joseph Street, off Broad Street, Lagos, Lagos Island, Lagos",https://www.businesslist.com.ng/company/264644/ihms-hmo,businesslist_ng,scrapy,insurance-companies,2026-08-21T21:12:00.862547+00:00
Prudential Zenith Life Insurance,insurance companies,https://www.prudentialplc.com,+234 1 278 5500,"13th Floor Civic Towers Ozumba Mbadiwe Str. St. 101241 Victoria Island Lagos, 101241, Lagos, Lagos, Lagos",https://www.businesslist.com.ng/company/269856/prudential-zenith-life-insurance,businesslist_ng,scrapy,insurance-companies,2026-08-21T21:12:02.990727+00:00
Noor Takaful Plc,insurance companies,https://noortakaful.ng,+234 809 944 4448,"170 Gbagada Expy, Gbagada, Lagos, Lagos",https://www.businesslist.com.ng/company/257477/noor-takaful-plc,businesslist_ng,scrapy,insurance-companies,2026-08-21T21:12:04.666442+00:00
Lo Studio Pilates / GYMLAND - Fitness Studio &amp; Kids Center,wellness,https://lostudiong.com,+234 814 689 6616,"4a Ologun Agbaje St, Victoria Island, Lagos, Lagos",https://www.businesslist.com.ng/company/272147/lo-studio-pilatesgymland-fitness-studiokids-center,businesslist_ng,scrapy,wellness,2026-08-21T21:12:06.735168+00:00
FOREVER LIVING PRODUCTS PORT HARCORT DISTRIBUTOR,wellness,https://www.foreverliving.com,"+2349163133617, +2348168122324","PLOT 38, EAST WEST ROAD BY RUMUOKORO, PORT HARCOURT, Port Harcourt, Rivers",https://www.businesslist.com.ng/company/272515/forever-living-products-port-harcort-distributor,businesslist_ng,scrapy,wellness,2026-08-21T21:12:08.329074+00:00
The DEW Centre,wellness,https://www.thedewcentre.com,+234 802 511 9405," 31b Adebayo Doherty Rd, Lekki Phase 1, Lagos 106104, Lagos, Lagos",https://www.businesslist.com.ng/company/272148/the-dew-centre,businesslist_ng,scrapy,wellness,2026-08-21T21:12:10.112624+00:00
Amdoch International,wellness,https://www.mymdoc.com/,"08037633570, +234 810 316 0497","25, Kpalukwu Street, Rivers, Port Harcourt",https://www.businesslist.com.ng/company/203897/amdoch-international,businesslist_ng,scrapy,wellness,2026-08-21T21:12:11.908275+00:00
Akolade Natural Medical Center,wellness,https://akoladeclinic.com.ng,+234 812 125 4267,"5 Oseni Street Ilupeju Onipanu Lagos State Odiolowo, Lagos, Lagos",https://www.businesslist.com.ng/company/272255/akolade-natural-medical-center,businesslist_ng,scrapy,wellness,2026-08-21T21:12:13.884220+00:00
Esteem Royale Cosmetics Ltd,wellness,https://www.esteemroyale.com,"+234 807 7931 629, +234 9 291 4032","1st Floor Zansi Stores, 1st Avenue, Gwarimpa, Abuja, Abuja",https://www.businesslist.com.ng/company/256208/esteem-royale-cosmetics-ltd,businesslist_ng,scrapy,wellness,2026-08-21T21:12:15.113264+00:00
JINJA Herbal Extracts,wellness,,Whatsapp: 08131113464,"Myhoung Barracks Yaba Lagos, Lagos, Lagos",https://www.businesslist.com.ng/company/271071/jinja-herbal-extracts,businesslist_ng,scrapy,wellness,2026-08-21T21:12:17.313918+00:00
"Critical Rescue International, Cri",wellness,https://www.crinigeria.com,"01 461 3755, +234 0 700 000 0199","rd 2 VGC shopping complex, lekki-epe expressway, lekki, Lagos, Lagos",https://www.businesslist.com.ng/company/143586/critical-rescue-international-cri,businesslist_ng,scrapy,wellness,2026-08-21T21:12:18.765926+00:00
Bioviva Holistic and Wellness Spa,wellness,https://biovivaspa.ng,+234 901 000 2221," International airport, 9B Adewunmi Abudu St, Int&#039;l Airport Rd, opp. Mopson pharmaceutical, Ajao Estate, Lagos, Lagos",https://www.businesslist.com.ng/company/271924/bioviva-holistic-and-wellness-spa,businesslist_ng,scrapy,wellness,2026-08-21T21:12:21.031251+00:00
Art of Living - The Happiness Center,wellness,https://thehappinesscenter.ng,+234 904 433 2222,"320 Akin Ogunlewe Rd, Victoria Island, Lagos, Lagos",https://www.businesslist.com.ng/company/272141/art-of-living-the-happiness-center,businesslist_ng,scrapy,wellness,2026-08-21T21:12:23.075880+00:00
The Tent Wellness Centre,wellness,https://tentwellness.com.ng,+234 913 000 2226,"13, Okunfolami Street Anthony Village, Lagos, Lagos",https://www.businesslist.com.ng/company/219160/the-tent-wellness-centre,businesslist_ng,scrapy,wellness,2026-08-21T21:12:24.888591+00:00
ZenithKind,wellness,,07035498478,"Rumudara Junction, Port Harcourt, Port Harcourt, Rivers",https://www.businesslist.com.ng/company/271255/zenithkind,businesslist_ng,scrapy,wellness,2026-08-21T21:12:26.804608+00:00
Ophil Wellness Studio,wellness,https://www.ophil.org,+234 903 948 5031,"2nd Floor, Rock of Ages Mall, Suite 302, 8 P.O.W. Mafemi Cres, Utako, Abuja, Abuja",https://www.businesslist.com.ng/company/272144/ophil-wellness-studio,businesslist_ng,scrapy,wellness,2026-08-21T21:12:29.068658+00:00
FOREVER LIVING PRODUCTS UYO BRANCH OFFICE,wellness,https://08183646917.com,"+2348183646917, 08071764887","PLOT 38, ITAM INDUSTRIAL LAYOUT, UYO, AKWA IBOM STATE, Oyo, Akwa Ibom",https://www.businesslist.com.ng/company/272514/forever-living-products-uyo-branch-office,businesslist_ng,scrapy,wellness,2026-08-21T21:12:30.763590+00:00
Wellness Chiropractic Consultants,wellness,https://www.wellnesschiropractic.ng,"+234 812 288 8930,  +234 707 356 0802","473 Ambassador Albert Osakwe House Inner Block Street, Central Business District, Abuja, Abuja",https://www.businesslist.com.ng/company/190235/wellness-chiropractic-spa,businesslist_ng,scrapy,wellness,2026-08-21T21:12:32.460358+00:00
Von Wellness (VoW),wellness,https://www.instagram.com/vonwellness/,+234 816 867 9147,"160 Awolowo Rd, Eti-Osa, Lagos 101233, Lagos, Lagos",https://www.businesslist.com.ng/company/272151/von-wellness-vow,businesslist_ng,scrapy,wellness,2026-08-21T21:12:34.589354+00:00
House of Zen,wellness,https://www.instagram.com/houseofzen.ng,+234 818 771 1111,"17b Musa Yar&#039; Adua St, Victoria Island, Lagos, Lagos",https://www.businesslist.com.ng/company/272153/house-of-zen,businesslist_ng,scrapy,wellness,2026-08-21T21:12:37.240058+00:00
Matiz Enterprise,wellness,https://www.matizenterprise.com,08037154363,"34, Ijesha Road, Ijeshatedo, Surulere, Lagos, Lagos, Lagos",https://www.businesslist.com.ng/company/272472/matiz-enterprise,businesslist_ng,scrapy,wellness,2026-08-21T21:12:38.135017+00:00
Stericon Pharmaceuticals International Limited,pharmacies,http://www.stericon.com.ng,"+234 1 212 0102, +234 1 212 0103, +234 1 212 0104"," 9 S, Close 1, Satellite Town, Lagos, Lagos",https://www.businesslist.com.ng/company/252665/stericon-pharmaceuticals-international-limited,businesslist_ng,scrapy,pharmacies,2026-08-21T21:12:39.574499+00:00
Alpha Pharmacy &amp; Stores Limited,pharmacies,https://alphapharmacy.com.ng,"+234 1 496 1607, +234 1 497 2902, +234 1 811 9747","2B, Alabi Street, Off Toyin Street, Ikeja, Lagos, Lagos",https://www.businesslist.com.ng/company/101832/alpha-pharmacystores-limited,businesslist_ng,scrapy,pharmacies,2026-08-21T21:12:40.817799+00:00
Kunle Ara Pharmacy,pharmacies,https://kunlearashop.com,"+234 805 511 6306, 234 808 575 1111","2, Queen Elizabeth Road, Near Uch, Ibadan, Oyo",https://www.businesslist.com.ng/company/194138/kunle-ara-pharmacy,businesslist_ng,scrapy,pharmacies,2026-08-21T21:12:42.420396+00:00
Cufour Nigeria Limited,pharmacies,http://www.cufour.com,+234 817 725 2582,"Plot 8b Lane C 3rd Avenue, Eliminigwe Housing Estate Phase 2, Elelenwo, Port Harcourt, Rivers",https://www.businesslist.com.ng/company/254646/cufour-nigeria-limited,businesslist_ng,scrapy,pharmacies,2026-08-21T21:12:44.483214+00:00
Slimmex Unibloom International,pharmacies,https://slimmex-unibloom.com,"+234 813 853 5506, +234 814 052 2296","6B Marakesh Street, off Kumasi Crescent, Wuse II Disctrict Abuja, Abuja, Abuja",https://www.businesslist.com.ng/company/271756/slimmex-unibloom-international,businesslist_ng,scrapy,pharmacies,2026-08-21T21:12:46.744002+00:00
Peace Standard Pharmaceutical,pharmacies,https://peacestandardpharma.com,+234 803 389 8351,"Plot 3 and 5, Adewole Industrial estate, lubcon avenue, Ilorin, Ilorin, Kwara",https://www.businesslist.com.ng/company/271778/peace-standard-pharmaceutical,businesslist_ng,scrapy,pharmacies,2026-08-21T21:12:48.477673+00:00
Boluke Pharmacy,pharmacies,https://www.bolukepharmacy.com,+234 803 322 3828,"439 Agege Motor Road, Papa Ashafa, Ikeja 102212, Lagos, Lagos",https://www.businesslist.com.ng/company/193975/boluke-pharmacy,businesslist_ng,scrapy,pharmacies,2026-08-21T21:12:49.952438+00:00
Medsaf,pharmacies,https://www.medsaf.com,+234 816 910 9146,"55 Sir Tony Eromosele St, Parkview Estate, Ikeja 106104, Lagos, Lagos",https://www.businesslist.com.ng/company/272134/medsaf,businesslist_ng,scrapy,pharmacies,2026-08-21T21:12:52.096658+00:00
Mountplus Pharmacy,pharmacies,,"+234 907 068 7143, +234 810 830 0838","Opp Alabunkun Bustop, Ita Alamu. Ilorin Ganmo Road, Ilorin, Kwara",https://www.businesslist.com.ng/company/264682/mountplus-pharmacy,businesslist_ng,scrapy,pharmacies,2026-08-21T21:12:54.159405+00:00
Biogenerics Nigeria,pharmacies,https://www.biogenericsltd.com,+234 705 143 1750,"COMFORT HOUSE, 13 Hughes Ave, Yaba, Lagos, Lagos",https://www.businesslist.com.ng/company/271816/biogenerics-nigeria,businesslist_ng,scrapy,pharmacies,2026-08-21T21:12:56.020811+00:00
CMargs Limited,pharmacies,https://cmargs.com,+234 809 552 2900,"Plot 80, G2/G3 Lokogoma Plaza, Lokogoma, Abuja, Abuja",https://www.businesslist.com.ng/company/253702/cmargs-limited,businesslist_ng,scrapy,pharmacies,2026-08-21T21:12:58.188138+00:00
Primus Pharmacy,pharmacies,https://primuspharmacy.com,+234 816 617 7733,"14 Awoniyi Elemo St, off Osolo way and via Abule Market, Ajao Estate, Lagos, Lagos",https://www.businesslist.com.ng/company/263232/primus-pharmacy,businesslist_ng,scrapy,pharmacies,2026-08-21T21:13:00.084000+00:00
Rocaprosthetics Ortho Care Enterprises,doctors and clinics,,"08029073564, 07031548820","20 owulade Avenue Irawo bus stop Owode Ajegunle off ikorodu road, Lagos, Lagos",https://www.businesslist.com.ng/company/260933/rocaprosthetics-ortho-care-enterprises,businesslist_ng,scrapy,doctors-and-clinics,2026-08-21T21:13:01.660433+00:00
Total Care Dental Clinic,doctors and clinics,https://www.facebook.com/totalcaredentalng/,"+2348085059961, +2348065529260","111 Airport Road opp mobil filling station by new Eliozu road roundabout, rumuodomaya, Port Harcourt, Rivers",https://www.businesslist.com.ng/company/255523/total-care-dental-clinic,businesslist_ng,scrapy,doctors-and-clinics,2026-08-21T21:13:03.759181+00:00
Jumay Eye Care Center,doctors and clinics,,07062221958,"Inside Ezem Hospital, 2 Osuji Street off Cherubim junction, Wetheral road, Owerri, Owerri, Imo",https://www.businesslist.com.ng/company/266210/jumay-eye-care-center,businesslist_ng,scrapy,doctors-and-clinics,2026-08-21T21:13:05.728562+00:00
Gotrack Ltd,doctors and clinics,http://www.gotrackfleet.com,"+234 706 258 3950, +234 806 431 1877, +234 803 847 1835","18, Bayo Oyewale Street, Ago Palace Way, Okota, Lagos, Lagos",https://www.businesslist.com.ng/company/261458/gotrack-ltd,businesslist_ng,scrapy,doctors-and-clinics,2026-08-21T21:13:07.799790+00:00
Tofunmi Acu Medic Concepts,doctors and clinics,http://tofunmihealthservices.com.ng,08139237920,"30, Ijaba Osuke, Iyana-Iyesi, Ota, Ogun state, Ota, Ogun",https://www.businesslist.com.ng/company/267400/tofunmi-acu-medic-concepts,businesslist_ng,scrapy,doctors-and-clinics,2026-08-21T21:13:09.626347+00:00
24/7 Emergency Ambulance Services,doctors and clinics,http://www.braingraceambulance.com,"+234 803 557 8766,+234 808 544 6170, +234 703 966 5211","11B, Ben Okagbue Mba Street, Lekki Phase 1, Lagos, Lagos Island, Lagos",https://www.businesslist.com.ng/company/259956/247-emergency-ambulance-services,businesslist_ng,scrapy,doctors-and-clinics,2026-08-21T21:13:11.334982+00:00
Dr Solution Cottage Hospital Ltd,doctors and clinics,https://www.drsolutionhospital.com,+234 803 956 5922,"HQ: Off #58 Mbodo-Aluu Road, Port Harcourt and 12 Rumuosi-Ozuoba Road, PH., Port Harcourt, Rivers",https://www.businesslist.com.ng/company/256985/dr-solution-cottage-hospital,businesslist_ng,scrapy,doctors-and-clinics,2026-08-21T21:13:12.968462+00:00
Oaklands Multispecialty Dental Care Clinic Owerri,doctors and clinics,https://www.facebook.com/OaklandsDentals/,+2347036531860,"Eve and kez Plaza, Owerri, Mcc Road, Ikenegbu , Owerri, Imo",https://www.businesslist.com.ng/company/260164/oaklands-multispecialty-dental-care-clinic-owerri,businesslist_ng,scrapy,doctors-and-clinics,2026-08-21T21:13:15.132324+00:00
Dheeraj Bojwani Consultants,doctors and clinics,http://www.dheerajbojwani.com/,919371136499,"2nd Floor, Yamu Niwas, Narendra Nagar, Railway Under Bridge, nagpur, Argungu, Plateau",https://www.businesslist.com.ng/company/190183/dheeraj-bojwani-consultants,businesslist_ng,scrapy,doctors-and-clinics,2026-08-21T21:13:16.066199+00:00
Aquila Clinic &amp; Fertility,doctors and clinics,,07057380555,"15a Yauri Street, Garki, Abuja, Abuja, Abuja",https://www.businesslist.com.ng/company/260826/aquila-clinicfertility,businesslist_ng,scrapy,doctors-and-clinics,2026-08-21T21:13:18.207277+00:00
Njetours Ltd,doctors and clinics,https://njetours.com,+234 708 949 6731,"Suite E329 Ikota Shopping Complex VGC Lekki, Lagos Island, Lagos",https://www.businesslist.com.ng/company/260897/njetours-ltd,businesslist_ng,scrapy,doctors-and-clinics,2026-08-21T21:13:20.160302+00:00
Edge Medical Center Ltd.,doctors and clinics,http://www.edgemedicalcenter.com,2349039494930,"Plot P14 Isiukwuato Street, PreFab Housing, Uratta West Owerri, Imo 460232, Owerri, Imo",https://www.businesslist.com.ng/company/255990/edge-medical-center-ltd,businesslist_ng,scrapy,doctors-and-clinics,2026-08-21T21:13:22.262083+00:00
Oam Physiotherapy Services,doctors and clinics,,09042973026,"Adebisi Aje street, Irawo, Ikorodu, Ikorodu, Lagos",https://www.businesslist.com.ng/company/263646/oam-physiotherapy-services,businesslist_ng,scrapy,doctors-and-clinics,2026-08-21T21:13:24.323154+00:00
Alphine Life Solutions,doctors and clinics,,00912242688484,"701 Trade Center, Ikeja, Lagos",https://www.businesslist.com.ng/company/255925/alphine-life-solutions,businesslist_ng,scrapy,doctors-and-clinics,2026-08-21T21:13:26.143486+00:00
Charitos BO Hospital,doctors and clinics,https://www.charitosbohospital.com,08141911404,"Plot D22, Aco Estate, Life Camp, Abuja, Abuja, Abuja",https://www.businesslist.com.ng/company/262227/charitos-bo-hospital,businesslist_ng,scrapy,doctors-and-clinics,2026-08-21T21:13:28.477938+00:00
Green Diagnostics Company Limited,doctors and clinics,https://gdcl.ng/,08025200314,"16c, Uwasota Road, Off Ugbowo-Lagos Rd, Benin City, Edo",https://www.businesslist.com.ng/company/256544/green-diagnostics-company-limited,businesslist_ng,scrapy,doctors-and-clinics,2026-08-21T21:13:29.911224+00:00
Gloxygen Dental Care,doctors and clinics,https://gloxygen-dental-care.business.site,"07035918976 , 08132804107","Plot 148A , First Avenue , Sector F , FHA , Lugbe , Off Airport Road (Opp. Bread abd More , Bsd FHA Mortgage Bank ), Abuja, Abuja",https://www.businesslist.com.ng/company/263176/gloxygen-dental-care,businesslist_ng,scrapy,doctors-and-clinics,2026-08-21T21:13:31.946109+00:00
Healthstead Global Limited,doctors and clinics,https://healthsteadng.wordpress.com/,08060680382,"641, Jereton Mariere Road, Apo,Gudu, Abuja (By Jimeta Filling Station, Zone E, Apo), Abuja, Abuja",https://www.businesslist.com.ng/company/259219/healthstead-global-limited,businesslist_ng,scrapy,doctors-and-clinics,2026-08-21T21:13:34.051137+00:00
KABWORLD Physiotherapy &amp; Co,doctors and clinics,http://www.kabworldphysio.com,2347033309554,"Lagos Island, Mainland and Ikorodu axis , Lagos, Lagos",https://www.businesslist.com.ng/company/257294/kabworld-physiotherapyco-reg,businesslist_ng,scrapy,doctors-and-clinics,2026-08-21T21:13:35.398369+00:00
"Bet9ja Old Mobile, Log in, App, Shop Bet9ja Old Mobile, Old Bet9ja, Betnaija",doctors and clinics,https://www.bet9ja.com,"+234 1  4405145 , +234 1 2796666, +234-818-000-6245","Bet9ja Tomi&#039;s House, 9 Funsho Williams Avenue, By Fire Service Station, Ojuelegba Bus Stop, Lagos, Lagos",https://www.businesslist.com.ng/company/262086/bet9ja-nigeria-sport-betting-bet9jacom-premier-league-table-mobile-app,businesslist_ng,scrapy,doctors-and-clinics,2026-08-21T21:13:37.282333+00:00
